Lake,Assessment,year,inches,sex,age,pounds
Escanaba,Spring Fyke Net,2011,22.3,2,11,3.63
Escanaba,Spring Fyke Net,2011,17.5,1,13,1.56
Escanaba,Spring Fyke Net,2011,22.5,2,12,3.38
Escanaba,Spring Fyke Net,2011,18,2,NA,NA
Escanaba,Spring Fyke Net,2011,19.4,2,NA,NA
Escanaba,Spring Fyke Net,2011,16.1,2,NA,NA
Escanaba,Spring Fyke Net,2011,15.9,1,7,1.25
Escanaba,Spring Fyke Net,2011,22.8,2,11,3.69
Escanaba,Spring Fyke Net,2011,15.1,2,6,1.13
Escanaba,Spring Fyke Net,2011,17.2,1,7,1.44
Escanaba,Spring Fyke Net,2011,21.6,2,8,2.75
Escanaba,Spring Fyke Net,2011,15.7,1,NA,NA
Escanaba,Spring Fyke Net,2011,16.3,2,NA,NA
Escanaba,Spring Fyke Net,2011,15.3,1,NA,NA
Escanaba,Spring Fyke Net,2011,16.4,2,NA,NA
Escanaba,Spring Fyke Net,2011,16.8,2,NA,NA
Escanaba,Spring Fyke Net,2011,16.9,1,10,1.44
Escanaba,Spring Fyke Net,2011,17.4,2,NA,NA
Escanaba,Spring Fyke Net,2011,17.5,2,NA,NA
Escanaba,Spring Fyke Net,2011,15.4,1,NA,NA
Escanaba,Spring Fyke Net,2011,14.2,2,6,0.69
Escanaba,Spring Fyke Net,2011,18.1,2,NA,NA
Escanaba,Spring Fyke Net,2011,16.4,2,7,1.25
Escanaba,Spring Fyke Net,2011,16,2,NA,NA
Escanaba,Spring Fyke Net,2011,15.8,2,NA,NA
Escanaba,Spring Fyke Net,2011,16.1,2,NA,NA
Escanaba,Spring Fyke Net,2011,16.7,2,NA,NA
Escanaba,Spring Fyke Net,2011,17.8,2,7,1.88
Escanaba,Spring Fyke Net,2011,16.3,2,NA,NA
Escanaba,Spring Fyke Net,2011,14.3,1,NA,NA
Escanaba,Spring Fyke Net,2011,14.7,1,6,1
Escanaba,Spring Fyke Net,2011,16,2,NA,NA
Escanaba,Spring Fyke Net,2011,19.6,2,NA,NA
Escanaba,Spring Fyke Net,2011,15.7,2,NA,NA
Escanaba,Spring Fyke Net,2011,13.2,1,NA,NA
Escanaba,Spring Fyke Net,2011,18,2,NA,NA
Escanaba,Spring Fyke Net,2011,20,2,9,2.31
Escanaba,Spring Fyke Net,2011,18.3,2,NA,NA
Escanaba,Spring Fyke Net,2011,15.8,1,9,1.13
Escanaba,Spring Fyke Net,2011,17.3,2,NA,NA
Escanaba,Spring Fyke Net,2011,14.1,1,NA,NA
Escanaba,Spring Fyke Net,2011,22.7,2,8,3.5
Escanaba,Spring Fyke Net,2011,13.5,1,NA,NA
Escanaba,Spring Fyke Net,2011,18.9,1,10,2
Escanaba,Spring Fyke Net,2011,17.1,2,NA,NA
Escanaba,Spring Fyke Net,2011,12.2,1,4,0.56
Escanaba,Spring Fyke Net,2011,15,1,NA,NA
Escanaba,Spring Fyke Net,2011,15.5,2,NA,NA
Escanaba,Spring Fyke Net,2011,19,2,NA,NA
Escanaba,Spring Fyke Net,2011,22.2,2,12,3.5
Escanaba,Spring Fyke Net,2011,14.8,1,NA,NA
Escanaba,Spring Fyke Net,2011,17.3,2,NA,NA
Escanaba,Spring Fyke Net,2011,16.7,2,NA,NA
Escanaba,Spring Fyke Net,2011,18.7,1,17,1.63
Escanaba,Spring Fyke Net,2011,19.3,2,NA,NA
Escanaba,Spring Fyke Net,2011,12.9,2,6,0.81
Escanaba,Spring Fyke Net,2011,15.1,2,NA,NA
Escanaba,Spring Fyke Net,2011,16,2,NA,NA
Escanaba,Spring Fyke Net,2011,14.7,1,NA,NA
Escanaba,Spring Fyke Net,2011,19.9,2,9,2.44
Escanaba,Spring Fyke Net,2011,16.3,2,7,1.25
Escanaba,Spring Fyke Net,2011,16.2,2,7,1.19
Escanaba,Spring Fyke Net,2011,12.5,1,3,0.56
Escanaba,Spring Fyke Net,2011,16.3,2,NA,NA
Escanaba,Spring Fyke Net,2011,11.9,1,3,0.44
Escanaba,Spring Fyke Net,2011,17.3,2,NA,NA
Escanaba,Spring Fyke Net,2011,15.9,1,NA,NA
Escanaba,Spring Fyke Net,2011,16.2,1,NA,NA
Escanaba,Spring Fyke Net,2011,15.7,1,NA,NA
Escanaba,Spring Fyke Net,2011,13.9,1,NA,NA
Escanaba,Spring Fyke Net,2011,23.9,2,12,4.5
Escanaba,Spring Fyke Net,2011,8.5,3,1,0.06
Escanaba,Spring Fyke Net,2011,16.7,2,NA,NA
Escanaba,Spring Fyke Net,2011,15,2,NA,NA
Escanaba,Spring Fyke Net,2011,18.6,2,NA,NA
Escanaba,Spring Fyke Net,2011,14.8,2,4,1.13
Escanaba,Spring Fyke Net,2011,18,2,8,1.88
Escanaba,Spring Fyke Net,2011,14.5,1,NA,NA
Escanaba,Spring Fyke Net,2011,14,1,NA,NA
Escanaba,Spring Fyke Net,2011,16.5,2,NA,NA
Escanaba,Spring Fyke Net,2011,21.1,2,9,2.19
Escanaba,Spring Fyke Net,2011,16.5,2,NA,NA
Escanaba,Spring Fyke Net,2011,14.3,1,NA,NA
Escanaba,Spring Fyke Net,2011,11.4,1,3,0.31
Escanaba,Spring Fyke Net,2011,20.2,2,9,2.5
Escanaba,Spring Fyke Net,2011,17.6,2,NA,NA
Escanaba,Spring Fyke Net,2011,12.8,1,NA,NA
Escanaba,Spring Fyke Net,2011,15.9,2,NA,NA
Escanaba,Spring Fyke Net,2011,14.5,1,NA,NA
Escanaba,Spring Fyke Net,2011,19.3,2,NA,NA
Escanaba,Spring Fyke Net,2011,14.6,1,NA,NA
Escanaba,Spring Fyke Net,2011,19.9,2,NA,NA
Escanaba,Spring Fyke Net,2011,15.4,2,6,1.19
Escanaba,Spring Fyke Net,2011,16.2,1,8,1.25
Escanaba,Spring Fyke Net,2011,16.8,2,NA,NA
Escanaba,Spring Fyke Net,2011,15.6,1,NA,NA
Escanaba,Spring Fyke Net,2011,15.7,1,NA,NA
Escanaba,Spring Fyke Net,2011,16.9,2,NA,NA
Escanaba,Spring Fyke Net,2011,19.7,2,NA,NA
Escanaba,Spring Fyke Net,2011,18.2,2,NA,NA
Escanaba,Spring Fyke Net,2011,18.5,2,NA,NA
Escanaba,Spring Fyke Net,2011,15.5,1,NA,NA
Escanaba,Spring Fyke Net,2011,15.7,2,6,1.06
Escanaba,Spring Fyke Net,2011,17.7,2,8,1.88
Escanaba,Spring Fyke Net,2011,14.9,1,6,1
Escanaba,Spring Fyke Net,2011,12.6,1,NA,NA
Escanaba,Spring Fyke Net,2011,15.1,2,5,1
Escanaba,Spring Fyke Net,2011,15.5,1,9,1.25
Escanaba,Spring Fyke Net,2011,16.3,2,NA,NA
Escanaba,Spring Fyke Net,2011,12.2,1,4,0.5
Escanaba,Spring Fyke Net,2011,17.5,2,NA,NA
Escanaba,Spring Fyke Net,2011,19.5,2,NA,NA
Escanaba,Spring Fyke Net,2011,10.2,3,2,0.19
Escanaba,Spring Fyke Net,2011,17.3,2,7,1.44
Escanaba,Spring Fyke Net,2011,14.6,1,NA,NA
Escanaba,Spring Fyke Net,2011,18.2,2,NA,NA
Escanaba,Spring Fyke Net,2011,15.5,2,NA,NA
Escanaba,Spring Fyke Net,2011,18.3,2,NA,NA
Escanaba,Spring Fyke Net,2011,18.8,2,NA,NA
Escanaba,Spring Fyke Net,2011,15.5,1,NA,NA
Escanaba,Spring Fyke Net,2011,19.3,2,NA,NA
Escanaba,Spring Fyke Net,2011,15.9,1,NA,NA
Escanaba,Spring Fyke Net,2011,14.8,1,NA,NA
Escanaba,Spring Fyke Net,2011,16,2,NA,NA
Escanaba,Spring Fyke Net,2011,20.9,2,10,2.56
Escanaba,Spring Fyke Net,2011,15.3,2,NA,NA
Escanaba,Spring Fyke Net,2011,18.9,2,NA,NA
Escanaba,Spring Fyke Net,2011,15.8,1,NA,NA
Escanaba,Spring Fyke Net,2011,14.5,1,NA,NA
Escanaba,Spring Fyke Net,2011,17.3,1,9,1.5
Escanaba,Spring Fyke Net,2011,15.9,2,NA,NA
Escanaba,Spring Fyke Net,2011,18,2,NA,NA
Escanaba,Spring Fyke Net,2011,17.8,2,NA,NA
Escanaba,Spring Fyke Net,2011,18.3,2,NA,NA
Escanaba,Spring Fyke Net,2011,16,1,NA,NA
Escanaba,Spring Fyke Net,2011,14.4,1,NA,NA
Escanaba,Spring Fyke Net,2011,13.1,1,5,0.56
Escanaba,Spring Fyke Net,2011,16.9,2,NA,NA
Escanaba,Spring Fyke Net,2011,19.1,2,NA,NA
Escanaba,Spring Fyke Net,2011,23,2,14,3.75
Escanaba,Spring Fyke Net,2011,17.3,1,NA,NA
Escanaba,Spring Fyke Net,2011,18.7,2,NA,NA
Escanaba,Spring Fyke Net,2011,18.5,2,8,2.19
Escanaba,Spring Fyke Net,2011,15.8,2,NA,NA
Escanaba,Spring Fyke Net,2011,20.5,2,10,2.75
Escanaba,Spring Fyke Net,2011,16.4,2,NA,NA
Escanaba,Spring Fyke Net,2011,13.8,1,6,0.63
Escanaba,Spring Fyke Net,2011,13.5,1,NA,NA
Escanaba,Spring Fyke Net,2011,15.7,1,NA,NA
Escanaba,Spring Fyke Net,2011,19.1,2,NA,NA
Escanaba,Spring Fyke Net,2011,12.8,1,4,0.56
Escanaba,Spring Fyke Net,2011,16.9,2,NA,NA
Escanaba,Spring Fyke Net,2011,14.9,1,6,1
Escanaba,Spring Fyke Net,2011,18.6,2,NA,NA
Escanaba,Spring Fyke Net,2011,16.3,2,NA,NA
Escanaba,Spring Fyke Net,2011,15.7,2,NA,NA
Escanaba,Spring Fyke Net,2011,17.7,2,NA,NA
Escanaba,Spring Fyke Net,2011,15.1,2,NA,NA
Escanaba,Spring Fyke Net,2011,18.7,2,8,2.44
Escanaba,Spring Fyke Net,2011,17.6,2,9,1.94
Escanaba,Spring Fyke Net,2011,20.6,2,NA,NA
Escanaba,Spring Fyke Net,2011,14.8,2,4,1
Escanaba,Spring Fyke Net,2011,17.1,2,NA,NA
Escanaba,Spring Fyke Net,2011,16.5,2,7,1.75
Escanaba,Spring Fyke Net,2011,17.6,2,NA,NA
Escanaba,Spring Fyke Net,2011,15.8,2,6,1.13
Escanaba,Spring Fyke Net,2011,15.8,2,6,1.25
Escanaba,Spring Fyke Net,2011,12.9,1,NA,NA
Escanaba,Spring Fyke Net,2011,16.8,2,NA,NA
Escanaba,Spring Fyke Net,2011,21.1,2,9,3.63
Escanaba,Spring Fyke Net,2011,14.1,1,NA,NA
Escanaba,Spring Fyke Net,2011,18.4,2,NA,NA
Escanaba,Spring Fyke Net,2011,20.6,2,10,3.25
Escanaba,Spring Fyke Net,2011,13.4,1,4,0.56
Escanaba,Spring Fyke Net,2011,15,1,NA,NA
Escanaba,Spring Fyke Net,2011,18.5,2,NA,NA
Escanaba,Spring Fyke Net,2011,16.4,1,6,1.44
Escanaba,Spring Fyke Net,2011,14.3,2,4,0.69
Escanaba,Spring Fyke Net,2011,16.9,2,NA,NA
Escanaba,Spring Fyke Net,2011,18.4,2,9,2.13
Escanaba,Spring Fyke Net,2011,15.9,2,NA,NA
Escanaba,Spring Fyke Net,2011,15.7,1,NA,NA
Escanaba,Spring Fyke Net,2011,14.5,1,NA,NA
Escanaba,Spring Fyke Net,2011,15.9,2,NA,NA
Escanaba,Spring Fyke Net,2011,16.7,2,NA,NA
Escanaba,Spring Fyke Net,2011,16.8,2,6,1.75
Escanaba,Spring Fyke Net,2011,15.9,2,6,1.31
Escanaba,Spring Fyke Net,2011,18.9,2,NA,NA
Escanaba,Spring Fyke Net,2011,17.5,2,NA,NA
Escanaba,Spring Fyke Net,2011,15.2,2,NA,NA
Escanaba,Spring Fyke Net,2011,15.4,2,NA,NA
Escanaba,Spring Fyke Net,2011,16,1,7,1.25
Escanaba,Spring Fyke Net,2011,16.4,2,NA,NA
Escanaba,Spring Fyke Net,2011,15.8,1,NA,NA
Escanaba,Spring Fyke Net,2011,16.6,2,NA,NA
Escanaba,Spring Fyke Net,2011,14,1,NA,NA
Escanaba,Spring Fyke Net,2011,19.8,2,NA,NA
Escanaba,Spring Fyke Net,2011,14.7,1,NA,NA
Escanaba,Spring Fyke Net,2011,18.1,2,9,2
Escanaba,Spring Fyke Net,2011,14.7,2,6,0.94
Escanaba,Spring Fyke Net,2011,17.9,1,12,1.88
Escanaba,Spring Fyke Net,2011,18.9,2,NA,NA
Escanaba,Spring Fyke Net,2011,19,2,NA,NA
Escanaba,Spring Fyke Net,2011,12.8,1,4,0.63
Escanaba,Spring Fyke Net,2011,19.8,2,NA,NA
Escanaba,Spring Fyke Net,2011,14.3,1,6,0.88
Escanaba,Spring Fyke Net,2011,15.1,1,6,1
Escanaba,Spring Fyke Net,2011,16.9,2,NA,NA
Escanaba,Spring Fyke Net,2011,14.9,1,NA,NA
Escanaba,Spring Fyke Net,2011,13.1,1,4,0.63
Escanaba,Spring Fyke Net,2011,17.1,2,NA,NA
Escanaba,Spring Fyke Net,2011,15.7,2,7,1.44
Escanaba,Spring Fyke Net,2011,11.9,1,4,0.44
Escanaba,Spring Fyke Net,2011,14.4,1,NA,NA
Escanaba,Spring Fyke Net,2011,19.5,2,NA,NA
Escanaba,Spring Fyke Net,2011,18.1,2,NA,NA
Escanaba,Spring Fyke Net,2011,17.4,2,NA,NA
Escanaba,Spring Fyke Net,2011,21.9,2,8,3
Escanaba,Spring Fyke Net,2011,14.5,1,NA,NA
Escanaba,Spring Fyke Net,2011,16.4,1,7,1.44
Escanaba,Spring Fyke Net,2011,18.1,2,NA,NA
Escanaba,Spring Fyke Net,2011,15.8,2,NA,NA
Escanaba,Spring Fyke Net,2011,16.7,2,7,2
Escanaba,Spring Fyke Net,2011,17.1,2,9,1.56
Escanaba,Spring Fyke Net,2011,18.3,2,NA,NA
Escanaba,Spring Fyke Net,2011,12.7,1,4,0.56
Escanaba,Spring Fyke Net,2011,16.4,2,9,1.56
Escanaba,Spring Fyke Net,2011,16.8,2,NA,NA
Escanaba,Spring Fyke Net,2011,14.7,2,NA,NA
Escanaba,Spring Fyke Net,2011,15,2,NA,NA
Escanaba,Spring Fyke Net,2011,15.9,1,NA,NA
Escanaba,Spring Fyke Net,2011,15.4,1,NA,NA
Escanaba,Spring Fyke Net,2011,16.8,2,NA,NA
Escanaba,Spring Fyke Net,2011,17.7,2,7,2
Escanaba,Spring Fyke Net,2011,17.9,1,10,1.75
Escanaba,Spring Fyke Net,2011,18,2,NA,NA
Escanaba,Spring Fyke Net,2011,15,1,NA,NA
Escanaba,Spring Fyke Net,2011,17,2,7,1.63
Escanaba,Spring Fyke Net,2011,15.3,1,NA,NA
Escanaba,Spring Fyke Net,2011,14,1,4,1
Escanaba,Spring Fyke Net,2011,14.5,1,NA,NA
Escanaba,Spring Fyke Net,2011,18,2,NA,NA
Escanaba,Spring Fyke Net,2011,15.7,2,NA,NA
Escanaba,Spring Fyke Net,2011,15.8,2,NA,NA
Escanaba,Spring Fyke Net,2011,19.1,2,NA,NA
Escanaba,Spring Fyke Net,2011,20.3,2,10,2.63
Escanaba,Spring Fyke Net,2011,18.7,2,NA,NA
Escanaba,Spring Fyke Net,2011,19,2,7,2.38
Escanaba,Spring Fyke Net,2011,15.9,2,NA,NA
Escanaba,Spring Fyke Net,2011,15.4,2,NA,NA
Escanaba,Spring Fyke Net,2011,19.4,2,NA,NA
Escanaba,Spring Fyke Net,2011,19.7,2,8,2.38
Escanaba,Spring Fyke Net,2011,14,1,6,0.75
Escanaba,Spring Fyke Net,2011,16.6,2,NA,NA
Escanaba,Spring Fyke Net,2011,19.9,2,NA,NA
Escanaba,Spring Fyke Net,2011,18.6,2,NA,NA
Escanaba,Spring Fyke Net,2011,16.2,2,NA,NA
Escanaba,Spring Fyke Net,2011,13.6,1,4,0.75
Escanaba,Spring Fyke Net,2011,14.3,1,NA,NA
Escanaba,Spring Fyke Net,2011,16,2,NA,NA
Escanaba,Spring Fyke Net,2011,19.8,2,NA,NA
Escanaba,Spring Fyke Net,2011,14.8,1,NA,NA
Escanaba,Spring Fyke Net,2011,18.8,2,10,2
Escanaba,Spring Fyke Net,2011,16.6,2,7,1.63
Escanaba,Spring Fyke Net,2011,19,2,9,2.13
Escanaba,Spring Fyke Net,2011,15.7,2,NA,NA
Escanaba,Spring Fyke Net,2011,19.6,2,9,2.44
Escanaba,Spring Fyke Net,2011,16.3,2,NA,NA
Escanaba,Spring Fyke Net,2011,19.3,2,NA,NA
Escanaba,Spring Fyke Net,2011,11.5,3,NA,NA
Escanaba,Spring Fyke Net,2011,15,1,6,0.94
Escanaba,Spring Fyke Net,2011,25.6,2,11,5.06
Escanaba,Spring Fyke Net,2011,17.7,2,NA,NA
Escanaba,Spring Fyke Net,2011,17.2,2,NA,NA
Escanaba,Spring Fyke Net,2011,17.4,2,NA,NA
Escanaba,Spring Fyke Net,2011,15.2,2,6,1
Escanaba,Spring Fyke Net,2011,18.7,2,NA,NA
Escanaba,Spring Fyke Net,2011,14.7,1,NA,NA
Escanaba,Spring Fyke Net,2011,14.4,1,NA,NA
Escanaba,Spring Fyke Net,2011,17.1,2,NA,NA
Escanaba,Spring Fyke Net,2011,14.3,1,7,0.81
Escanaba,Spring Fyke Net,2011,20.3,2,NA,NA
Escanaba,Spring Fyke Net,2011,15.5,1,NA,NA
Escanaba,Spring Fyke Net,2011,14.5,2,NA,NA
Escanaba,Spring Fyke Net,2011,16.5,2,NA,NA
Escanaba,Spring Fyke Net,2011,14.8,1,NA,NA
Escanaba,Spring Fyke Net,2011,14.4,1,NA,NA
Escanaba,Spring Fyke Net,2011,15,1,NA,NA
Escanaba,Spring Fyke Net,2011,17.6,2,NA,NA
Escanaba,Spring Fyke Net,2011,22,2,12,2.88
Escanaba,Spring Fyke Net,2011,14.9,1,6,1
Escanaba,Spring Fyke Net,2011,18,2,8,1.75
Escanaba,Spring Fyke Net,2011,20.9,2,10,2.75
Escanaba,Spring Fyke Net,2011,21.2,2,10,3
Escanaba,Spring Fyke Net,2011,13.2,1,4,0.56
Escanaba,Spring Fyke Net,2011,16.1,2,NA,NA
Escanaba,Spring Fyke Net,2011,19.5,2,9,3
Escanaba,Spring Fyke Net,2011,15.3,2,NA,NA
Escanaba,Spring Fyke Net,2011,13.8,1,NA,NA
Escanaba,Spring Fyke Net,2011,16.8,1,12,1.38
Escanaba,Spring Fyke Net,2011,14.5,2,6,1
Escanaba,Spring Fyke Net,2011,20,2,NA,NA
Escanaba,Spring Fyke Net,2011,17.4,2,NA,NA
Escanaba,Spring Fyke Net,2011,17.3,2,NA,NA
Escanaba,Spring Fyke Net,2011,17.7,1,9,1.56
Escanaba,Spring Fyke Net,2011,17.2,2,NA,NA
Escanaba,Spring Fyke Net,2011,17.5,2,NA,NA
Escanaba,Spring Fyke Net,2011,19,2,9,2.13
Escanaba,Spring Fyke Net,2011,14.5,1,NA,NA
Escanaba,Spring Fyke Net,2011,14.6,1,NA,NA
Escanaba,Spring Fyke Net,2011,15.7,2,NA,NA
Escanaba,Spring Fyke Net,2011,19,2,10,2
Escanaba,Spring Fyke Net,2011,20.6,2,NA,NA
Escanaba,Spring Fyke Net,2011,13.2,1,4,0.75
Escanaba,Spring Fyke Net,2011,20.2,2,10,3.06
Escanaba,Spring Fyke Net,2011,17.3,1,10,1.44
Escanaba,Spring Fyke Net,2011,15.4,1,6,1.13
Escanaba,Spring Fyke Net,2011,17,2,NA,NA
Escanaba,Spring Fyke Net,2011,17.3,2,8,1.31
Escanaba,Spring Fyke Net,2011,16.5,2,NA,NA
Escanaba,Spring Fyke Net,2011,15.1,2,NA,NA
Escanaba,Spring Fyke Net,2011,17.4,1,9,1.5
Escanaba,Spring Fyke Net,2011,13.9,1,4,0.56
Escanaba,Spring Fyke Net,2011,16.8,2,NA,NA
Escanaba,Spring Fyke Net,2011,17.8,2,8,2
Escanaba,Spring Fyke Net,2011,18.3,1,9,1.81
Escanaba,Spring Fyke Net,2011,13.8,1,5,0.75
Escanaba,Spring Fyke Net,2011,18.8,2,NA,NA
Escanaba,Spring Fyke Net,2011,15.5,2,NA,NA
Escanaba,Spring Fyke Net,2011,21.8,2,11,3
Escanaba,Spring Fyke Net,2011,16.2,2,NA,NA
Escanaba,Spring Fyke Net,2011,19.9,2,NA,NA
Escanaba,Spring Fyke Net,2011,16.1,2,NA,NA
Escanaba,Spring Fyke Net,2011,15.3,2,5,1.25
Escanaba,Spring Fyke Net,2011,14.8,1,NA,NA
Escanaba,Spring Fyke Net,2011,18.3,2,6,2
Escanaba,Spring Fyke Net,2011,16,2,NA,NA
Escanaba,Spring Fyke Net,2011,16.6,1,10,1.31
Escanaba,Spring Fyke Net,2011,14,1,NA,NA
Escanaba,Spring Fyke Net,2011,12.3,1,4,0.5
Escanaba,Spring Fyke Net,2011,20.9,2,NA,NA
Escanaba,Spring Fyke Net,2011,16.5,2,6,1.44
Escanaba,Spring Fyke Net,2011,16,2,6,1.44
Escanaba,Spring Fyke Net,2011,15.5,1,NA,NA
Escanaba,Spring Fyke Net,2011,15.6,1,NA,NA
Escanaba,Spring Fyke Net,2011,15,1,6,1
Escanaba,Spring Fyke Net,2011,22.9,2,12,4.5
Escanaba,Spring Fyke Net,2011,16.1,2,NA,NA
Escanaba,Spring Fyke Net,2011,13,1,NA,NA
Escanaba,Spring Fyke Net,2011,17.3,2,NA,NA
Escanaba,Spring Fyke Net,2011,12.3,1,4,0.38
Escanaba,Spring Fyke Net,2011,14.9,2,5,0.81
Escanaba,Spring Fyke Net,2011,14.6,1,NA,NA
Escanaba,Spring Fyke Net,2011,19.4,2,10,2.69
Escanaba,Spring Fyke Net,2011,20.3,2,NA,NA
Escanaba,Spring Fyke Net,2011,19.6,2,NA,NA
Escanaba,Spring Fyke Net,2011,14.1,1,NA,NA
Escanaba,Spring Fyke Net,2011,20.9,2,9,3.63
Escanaba,Spring Fyke Net,2011,18.9,2,8,2.5
Escanaba,Spring Fyke Net,2011,15.6,2,NA,NA
Escanaba,Spring Fyke Net,2011,13.7,1,NA,NA
Escanaba,Spring Fyke Net,2011,16.5,2,NA,NA
Escanaba,Spring Fyke Net,2011,14.8,1,6,1
Escanaba,Spring Fyke Net,2011,20.3,1,9,2.5
Escanaba,Spring Fyke Net,2011,14.1,1,5,0.69
Escanaba,Spring Fyke Net,2011,18.4,1,7,1.63
Escanaba,Spring Fyke Net,2011,20.3,2,10,3.13
Escanaba,Spring Fyke Net,2011,15.9,2,NA,NA
Escanaba,Spring Fyke Net,2011,19.8,2,NA,NA
Escanaba,Spring Fyke Net,2011,14.9,1,NA,NA
Escanaba,Spring Fyke Net,2011,18.4,2,NA,NA
Escanaba,Spring Fyke Net,2011,15.6,1,7,1.06
Escanaba,Spring Fyke Net,2011,16.7,1,9,1.25
Escanaba,Spring Fyke Net,2011,12.9,1,4,0.5
Escanaba,Spring Fyke Net,2011,12.6,1,NA,NA
Escanaba,Spring Fyke Net,2011,15,1,6,0.94
Escanaba,Spring Fyke Net,2011,19.5,2,8,2
Escanaba,Spring Fyke Net,2011,14.4,1,NA,NA
Escanaba,Spring Fyke Net,2011,14.9,1,NA,NA
Escanaba,Spring Fyke Net,2011,18.8,2,8,2.06
Escanaba,Spring Fyke Net,2011,16.3,2,NA,NA
Escanaba,Spring Fyke Net,2011,19.7,2,NA,NA
Escanaba,Spring Fyke Net,2011,16.5,2,NA,NA
Escanaba,Spring Fyke Net,2011,18,1,NA,NA
Escanaba,Spring Fyke Net,2011,13.8,2,5,0.81
Escanaba,Spring Fyke Net,2011,16.3,1,6,1.25
Escanaba,Spring Fyke Net,2011,17.1,1,7,1.38
Escanaba,Spring Fyke Net,2011,14.3,1,NA,NA
Escanaba,Spring Fyke Net,2011,18.6,2,NA,NA
Escanaba,Spring Fyke Net,2011,17.1,2,NA,NA
Escanaba,Spring Fyke Net,2011,17.6,2,NA,NA
Escanaba,Spring Fyke Net,2011,19.2,2,NA,NA
Escanaba,Spring Fyke Net,2011,17,2,7,1.56
Escanaba,Spring Fyke Net,2011,18.3,2,NA,NA
Escanaba,Spring Fyke Net,2011,16.8,2,NA,NA
Escanaba,Spring Fyke Net,2011,15.9,1,6,1.31
Escanaba,Spring Fyke Net,2011,17.3,2,NA,NA
Escanaba,Spring Fyke Net,2011,15.3,2,NA,NA
Escanaba,Spring Fyke Net,2011,16.4,2,NA,NA
Escanaba,Spring Fyke Net,2012,16.3,2,NA,NA
Escanaba,Spring Fyke Net,2012,20.3,2,NA,NA
Escanaba,Spring Fyke Net,2012,13.2,1,NA,NA
Escanaba,Spring Fyke Net,2012,18.2,1,8,1.94
Escanaba,Spring Fyke Net,2012,16,1,NA,NA
Escanaba,Spring Fyke Net,2012,14.8,1,NA,NA
Escanaba,Spring Fyke Net,2012,24.3,2,14,5.13
Escanaba,Spring Fyke Net,2012,13.8,1,NA,NA
Escanaba,Spring Fyke Net,2012,13.8,1,4,0.75
Escanaba,Spring Fyke Net,2012,21.4,2,NA,NA
Escanaba,Spring Fyke Net,2012,14,1,NA,NA
Escanaba,Spring Fyke Net,2012,17,1,NA,NA
Escanaba,Spring Fyke Net,2012,21.4,2,NA,NA
Escanaba,Spring Fyke Net,2012,17.3,2,NA,NA
Escanaba,Spring Fyke Net,2012,15.1,1,NA,NA
Escanaba,Spring Fyke Net,2012,14.7,1,NA,NA
Escanaba,Spring Fyke Net,2012,19.5,2,NA,NA
Escanaba,Spring Fyke Net,2012,16.5,1,NA,NA
Escanaba,Spring Fyke Net,2012,14,1,6,0.81
Escanaba,Spring Fyke Net,2012,15.7,1,NA,NA
Escanaba,Spring Fyke Net,2012,13.1,1,3,0.69
Escanaba,Spring Fyke Net,2012,15.8,1,NA,NA
Escanaba,Spring Fyke Net,2012,17.9,1,NA,NA
Escanaba,Spring Fyke Net,2012,12.6,3,4,0.44
Escanaba,Spring Fyke Net,2012,15.5,1,NA,NA
Escanaba,Spring Fyke Net,2012,16.3,1,NA,NA
Escanaba,Spring Fyke Net,2012,12.7,1,NA,NA
Escanaba,Spring Fyke Net,2012,19.4,2,NA,NA
Escanaba,Spring Fyke Net,2012,14.9,1,NA,NA
Escanaba,Spring Fyke Net,2012,22.8,2,12,4.69
Escanaba,Spring Fyke Net,2012,16.7,1,NA,NA
Escanaba,Spring Fyke Net,2012,12,3,3,0.5
Escanaba,Spring Fyke Net,2012,14.9,1,NA,NA
Escanaba,Spring Fyke Net,2012,13.6,1,NA,NA
Escanaba,Spring Fyke Net,2012,15.8,1,NA,NA
Escanaba,Spring Fyke Net,2012,16,2,NA,NA
Escanaba,Spring Fyke Net,2012,19.4,2,NA,NA
Escanaba,Spring Fyke Net,2012,20,2,NA,NA
Escanaba,Spring Fyke Net,2012,14.4,1,5,0.81
Escanaba,Spring Fyke Net,2012,14.8,1,NA,NA
Escanaba,Spring Fyke Net,2012,15,1,10,1.25
Escanaba,Spring Fyke Net,2012,16.1,1,NA,NA
Escanaba,Spring Fyke Net,2012,12.9,1,NA,NA
Escanaba,Spring Fyke Net,2012,15.4,1,NA,NA
Escanaba,Spring Fyke Net,2012,17.2,2,NA,NA
Escanaba,Spring Fyke Net,2012,15.5,1,NA,NA
Escanaba,Spring Fyke Net,2012,14.3,1,NA,NA
Escanaba,Spring Fyke Net,2012,16.4,1,NA,NA
Escanaba,Spring Fyke Net,2012,18.7,2,7,2.06
Escanaba,Spring Fyke Net,2012,16.7,1,8,1.44
Escanaba,Spring Fyke Net,2012,16.3,2,NA,NA
Escanaba,Spring Fyke Net,2012,16.5,1,9,1.5
Escanaba,Spring Fyke Net,2012,14.5,1,NA,NA
Escanaba,Spring Fyke Net,2012,16,3,5,1.31
Escanaba,Spring Fyke Net,2012,14.8,1,NA,NA
Escanaba,Spring Fyke Net,2012,20.7,2,10,3.5
Escanaba,Spring Fyke Net,2012,16,3,5,1.25
Escanaba,Spring Fyke Net,2012,14.9,1,NA,NA
Escanaba,Spring Fyke Net,2012,19,2,NA,NA
Escanaba,Spring Fyke Net,2012,11.9,3,3,0.5
Escanaba,Spring Fyke Net,2012,15.5,2,7,1.06
Escanaba,Spring Fyke Net,2012,16.5,1,NA,NA
Escanaba,Spring Fyke Net,2012,16.1,1,NA,NA
Escanaba,Spring Fyke Net,2012,19.5,2,NA,NA
Escanaba,Spring Fyke Net,2012,14.5,1,NA,NA
Escanaba,Spring Fyke Net,2012,13.2,1,NA,NA
Escanaba,Spring Fyke Net,2012,14.3,1,NA,NA
Escanaba,Spring Fyke Net,2012,15.3,1,NA,NA
Escanaba,Spring Fyke Net,2012,13.7,1,5,0.75
Escanaba,Spring Fyke Net,2012,18.4,2,NA,NA
Escanaba,Spring Fyke Net,2012,13.8,1,NA,NA
Escanaba,Spring Fyke Net,2012,15,1,NA,NA
Escanaba,Spring Fyke Net,2012,21,2,10,3.31
Escanaba,Spring Fyke Net,2012,20.3,2,8,2.38
Escanaba,Spring Fyke Net,2012,18.7,2,NA,NA
Escanaba,Spring Fyke Net,2012,12.8,1,NA,NA
Escanaba,Spring Fyke Net,2012,17.3,2,NA,NA
Escanaba,Spring Fyke Net,2012,14.8,1,NA,NA
Escanaba,Spring Fyke Net,2012,17.5,1,NA,NA
Escanaba,Spring Fyke Net,2012,19.7,2,9,2.69
Escanaba,Spring Fyke Net,2012,15.9,1,NA,NA
Escanaba,Spring Fyke Net,2012,15.6,1,NA,NA
Escanaba,Spring Fyke Net,2012,15.8,1,NA,NA
Escanaba,Spring Fyke Net,2012,15.9,1,NA,NA
Escanaba,Spring Fyke Net,2012,15.7,1,NA,NA
Escanaba,Spring Fyke Net,2012,13.5,1,NA,NA
Escanaba,Spring Fyke Net,2012,15.1,1,NA,NA
Escanaba,Spring Fyke Net,2012,15.3,1,NA,NA
Escanaba,Spring Fyke Net,2012,18,2,NA,NA
Escanaba,Spring Fyke Net,2012,14,1,NA,NA
Escanaba,Spring Fyke Net,2012,13.4,1,NA,NA
Escanaba,Spring Fyke Net,2012,15.6,1,NA,NA
Escanaba,Spring Fyke Net,2012,21.4,2,NA,NA
Escanaba,Spring Fyke Net,2012,20.1,2,11,2.63
Escanaba,Spring Fyke Net,2012,14.6,1,NA,NA
Escanaba,Spring Fyke Net,2012,15.1,1,7,1
Escanaba,Spring Fyke Net,2012,13.5,1,NA,NA
Escanaba,Spring Fyke Net,2012,16.8,2,NA,NA
Escanaba,Spring Fyke Net,2012,15.8,1,10,1.19
Escanaba,Spring Fyke Net,2012,19.9,2,NA,NA
Escanaba,Spring Fyke Net,2012,15.5,1,NA,NA
Escanaba,Spring Fyke Net,2012,17.6,1,NA,NA
Escanaba,Spring Fyke Net,2012,15.6,2,5,1.13
Escanaba,Spring Fyke Net,2012,15,1,NA,NA
Escanaba,Spring Fyke Net,2012,15.9,2,NA,NA
Escanaba,Spring Fyke Net,2012,13.5,1,NA,NA
Escanaba,Spring Fyke Net,2012,22.2,2,14,3.13
Escanaba,Spring Fyke Net,2012,14.8,1,NA,NA
Escanaba,Spring Fyke Net,2012,16,1,NA,NA
Escanaba,Spring Fyke Net,2012,13.4,1,NA,NA
Escanaba,Spring Fyke Net,2012,12.4,1,4,0.5
Escanaba,Spring Fyke Net,2012,14.5,1,NA,NA
Escanaba,Spring Fyke Net,2012,19.7,3,6,2.44
Escanaba,Spring Fyke Net,2012,14.5,1,NA,NA
Escanaba,Spring Fyke Net,2012,10.8,3,2,0.38
Escanaba,Spring Fyke Net,2012,14.4,1,NA,NA
Escanaba,Spring Fyke Net,2012,14.8,1,NA,NA
Escanaba,Spring Fyke Net,2012,14.5,1,NA,NA
Escanaba,Spring Fyke Net,2012,18.5,1,13,2.19
Escanaba,Spring Fyke Net,2012,15.8,1,NA,NA
Escanaba,Spring Fyke Net,2012,16.8,2,7,1.5
Escanaba,Spring Fyke Net,2012,20.4,2,11,3.31
Escanaba,Spring Fyke Net,2012,18.1,2,NA,NA
Escanaba,Spring Fyke Net,2012,14.2,1,NA,NA
Escanaba,Spring Fyke Net,2012,13.4,1,NA,NA
Escanaba,Spring Fyke Net,2012,15.5,2,NA,NA
Escanaba,Spring Fyke Net,2012,13.3,1,NA,NA
Escanaba,Spring Fyke Net,2012,16.2,1,NA,NA
Escanaba,Spring Fyke Net,2012,15.2,1,NA,NA
Escanaba,Spring Fyke Net,2012,14.5,1,NA,NA
Escanaba,Spring Fyke Net,2012,14.5,1,NA,NA
Escanaba,Spring Fyke Net,2012,14.9,1,NA,NA
Escanaba,Spring Fyke Net,2012,13.1,1,NA,NA
Escanaba,Spring Fyke Net,2012,12.6,3,3,0.56
Escanaba,Spring Fyke Net,2012,17.8,1,NA,NA
Escanaba,Spring Fyke Net,2012,17.9,2,NA,NA
Escanaba,Spring Fyke Net,2012,16.6,1,7,1.44
Escanaba,Spring Fyke Net,2012,18.8,2,7,2.19
Escanaba,Spring Fyke Net,2012,16.2,1,NA,NA
Escanaba,Spring Fyke Net,2012,16.8,1,NA,NA
Escanaba,Spring Fyke Net,2012,17,1,NA,NA
Escanaba,Spring Fyke Net,2012,10.3,3,2,0.5
Escanaba,Spring Fyke Net,2012,19.9,2,NA,NA
Escanaba,Spring Fyke Net,2012,18.8,1,11,2
Escanaba,Spring Fyke Net,2012,11.6,3,2,0.44
Escanaba,Spring Fyke Net,2012,19.6,2,NA,NA
Escanaba,Spring Fyke Net,2012,13,1,3,0.63
Escanaba,Spring Fyke Net,2012,13.4,1,NA,NA
Escanaba,Spring Fyke Net,2012,19.1,3,8,2.25
Escanaba,Spring Fyke Net,2012,17.2,1,NA,NA
Escanaba,Spring Fyke Net,2012,15.7,1,NA,NA
Escanaba,Spring Fyke Net,2012,13.9,1,NA,NA
Escanaba,Spring Fyke Net,2012,11.5,1,3,0.5
Escanaba,Spring Fyke Net,2012,16,1,6,1.31
Escanaba,Spring Fyke Net,2012,16.8,1,8,1.38
Escanaba,Spring Fyke Net,2012,16,1,NA,NA
Escanaba,Spring Fyke Net,2012,19.5,2,NA,NA
Escanaba,Spring Fyke Net,2012,14.4,1,NA,NA
Escanaba,Spring Fyke Net,2012,15,1,NA,NA
Escanaba,Spring Fyke Net,2012,14.9,1,NA,NA
Escanaba,Spring Fyke Net,2012,20.9,2,NA,NA
Escanaba,Spring Fyke Net,2012,17.5,2,7,1.25
Escanaba,Spring Fyke Net,2012,9.3,3,2,0.25
Escanaba,Spring Fyke Net,2012,14.9,1,NA,NA
Escanaba,Spring Fyke Net,2012,12.8,1,NA,NA
Escanaba,Spring Fyke Net,2012,14.1,1,NA,NA
Escanaba,Spring Fyke Net,2012,14.5,1,NA,NA
Escanaba,Spring Fyke Net,2012,24.6,2,10,5.75
Escanaba,Spring Fyke Net,2012,21.5,2,NA,NA
Escanaba,Spring Fyke Net,2012,12.5,1,3,0.63
Escanaba,Spring Fyke Net,2012,17.1,1,NA,NA
Escanaba,Spring Fyke Net,2012,19.9,2,NA,NA
Escanaba,Spring Fyke Net,2012,18.7,2,10,2.19
Escanaba,Spring Fyke Net,2012,21.4,2,9,3.5
Escanaba,Spring Fyke Net,2012,15.6,1,NA,NA
Escanaba,Spring Fyke Net,2012,23.2,2,13,4.5
Escanaba,Spring Fyke Net,2012,14.1,1,NA,NA
Escanaba,Spring Fyke Net,2012,15.2,1,NA,NA
Escanaba,Spring Fyke Net,2012,14.1,1,NA,NA
Escanaba,Spring Fyke Net,2012,15.2,1,NA,NA
Escanaba,Spring Fyke Net,2012,16.8,2,NA,NA
Escanaba,Spring Fyke Net,2012,14.2,1,NA,NA
Escanaba,Spring Fyke Net,2012,17,2,NA,NA
Escanaba,Spring Fyke Net,2012,12.4,1,3,0.56
Escanaba,Spring Fyke Net,2012,17.8,2,NA,NA
Escanaba,Spring Fyke Net,2012,16.8,1,NA,NA
Escanaba,Spring Fyke Net,2012,16.9,2,NA,NA
Escanaba,Spring Fyke Net,2012,17,2,NA,NA
Escanaba,Spring Fyke Net,2012,17.1,2,NA,NA
Escanaba,Spring Fyke Net,2012,20.7,2,NA,NA
Escanaba,Spring Fyke Net,2012,19.1,2,10,2.38
Escanaba,Spring Fyke Net,2012,15.5,1,NA,NA
Escanaba,Spring Fyke Net,2012,15.2,1,NA,NA
Escanaba,Spring Fyke Net,2012,14.2,1,NA,NA
Escanaba,Spring Fyke Net,2012,16.1,2,5,1.38
Escanaba,Spring Fyke Net,2012,15.2,2,6,1.13
Escanaba,Spring Fyke Net,2012,14.2,1,NA,NA
Escanaba,Spring Fyke Net,2012,16.9,1,NA,NA
Escanaba,Spring Fyke Net,2012,13.3,1,NA,NA
Escanaba,Spring Fyke Net,2012,15.9,2,6,1.13
Escanaba,Spring Fyke Net,2012,14.2,1,5,1
Escanaba,Spring Fyke Net,2012,15.8,2,NA,NA
Escanaba,Spring Fyke Net,2012,13.2,1,NA,NA
Escanaba,Spring Fyke Net,2012,17.5,1,13,1.94
Escanaba,Spring Fyke Net,2012,19,2,NA,NA
Escanaba,Spring Fyke Net,2012,15.7,1,6,1.13
Escanaba,Spring Fyke Net,2012,19.9,2,7,2.5
Escanaba,Spring Fyke Net,2012,18.4,1,11,1.94
Escanaba,Spring Fyke Net,2012,15.4,1,NA,NA
Escanaba,Spring Fyke Net,2012,14.3,1,NA,NA
Escanaba,Spring Fyke Net,2012,23.2,2,9,3.25
Escanaba,Spring Fyke Net,2012,15.3,1,NA,NA
Escanaba,Spring Fyke Net,2012,17.7,1,8,1.44
Escanaba,Spring Fyke Net,2012,19.2,2,NA,NA
Escanaba,Spring Fyke Net,2012,12.4,1,NA,NA
Escanaba,Spring Fyke Net,2012,16,1,NA,NA
Escanaba,Spring Fyke Net,2012,15.1,1,NA,NA
Escanaba,Spring Fyke Net,2012,15.1,1,NA,NA
Escanaba,Spring Fyke Net,2012,17,1,NA,NA
Escanaba,Spring Fyke Net,2012,13.9,2,4,0.88
Escanaba,Spring Fyke Net,2012,16.9,2,7,1.5
Escanaba,Spring Fyke Net,2012,20.2,2,NA,NA
Escanaba,Spring Fyke Net,2012,14.9,1,NA,NA
Escanaba,Spring Fyke Net,2012,19.3,1,13,2.13
Escanaba,Spring Fyke Net,2012,13.2,1,NA,NA
Escanaba,Spring Fyke Net,2012,14.1,1,NA,NA
Escanaba,Spring Fyke Net,2012,14.5,3,5,1
Escanaba,Spring Fyke Net,2012,13.7,1,NA,NA
Escanaba,Spring Fyke Net,2012,20.5,2,13,2.69
Escanaba,Spring Fyke Net,2012,14,2,4,0.94
Escanaba,Spring Fyke Net,2012,13.9,1,NA,NA
Escanaba,Spring Fyke Net,2012,16.3,1,NA,NA
Escanaba,Spring Fyke Net,2012,11.8,1,4,0.5
Escanaba,Spring Fyke Net,2012,13.7,1,NA,NA
Escanaba,Spring Fyke Net,2012,11.7,3,3,0.5
Escanaba,Spring Fyke Net,2012,18.2,2,NA,NA
Escanaba,Spring Fyke Net,2012,16.3,2,5,1.5
Escanaba,Spring Fyke Net,2012,19.2,2,NA,NA
Escanaba,Spring Fyke Net,2012,15.6,1,NA,NA
Escanaba,Spring Fyke Net,2012,15.6,1,NA,NA
Escanaba,Spring Fyke Net,2012,14,1,NA,NA
Escanaba,Spring Fyke Net,2012,15.3,1,NA,NA
Escanaba,Spring Fyke Net,2012,14.6,1,NA,NA
Escanaba,Spring Fyke Net,2012,17.3,2,7,1.38
Escanaba,Spring Fyke Net,2012,17.4,2,NA,NA
Escanaba,Spring Fyke Net,2012,17.7,1,8,1.75
Escanaba,Spring Fyke Net,2012,16.8,2,NA,NA
Escanaba,Spring Fyke Net,2012,14.3,1,NA,NA
Escanaba,Spring Fyke Net,2012,15.1,1,NA,NA
Escanaba,Spring Fyke Net,2012,20.9,2,10,3.31
Escanaba,Spring Fyke Net,2012,15.9,1,NA,NA
Escanaba,Spring Fyke Net,2012,14.1,1,NA,NA
Escanaba,Spring Fyke Net,2012,14.9,1,NA,NA
Escanaba,Spring Fyke Net,2012,16.5,1,NA,NA
Escanaba,Spring Fyke Net,2012,13.7,1,NA,NA
Escanaba,Spring Fyke Net,2012,21.9,2,10,3.56
Escanaba,Spring Fyke Net,2012,15.5,1,NA,NA
Escanaba,Spring Fyke Net,2012,16.3,1,NA,NA
Escanaba,Spring Fyke Net,2012,15.6,1,NA,NA
Escanaba,Spring Fyke Net,2012,16.5,1,NA,NA
Escanaba,Spring Fyke Net,2012,18.7,1,12,1.88
Escanaba,Spring Fyke Net,2012,16.7,2,NA,NA
Escanaba,Spring Fyke Net,2012,14.9,1,NA,NA
Escanaba,Spring Fyke Net,2012,15.5,2,NA,NA
Escanaba,Spring Fyke Net,2012,20.7,2,10,2.5
Escanaba,Spring Fyke Net,2012,17,1,NA,NA
Escanaba,Spring Fyke Net,2012,14.7,1,NA,NA
Escanaba,Spring Fyke Net,2012,18,2,NA,NA
Escanaba,Spring Fyke Net,2012,16.6,2,NA,NA
Escanaba,Spring Fyke Net,2012,14.2,1,NA,NA
Escanaba,Spring Fyke Net,2012,15.2,1,NA,NA
Escanaba,Spring Fyke Net,2012,17.7,1,12,1.69
Escanaba,Spring Fyke Net,2012,15.1,1,NA,NA
Escanaba,Spring Fyke Net,2012,12.6,1,4,0.56
Escanaba,Spring Fyke Net,2012,12.5,1,4,0.75
Escanaba,Spring Fyke Net,2012,13.9,1,NA,NA
Escanaba,Spring Fyke Net,2012,19,2,NA,NA
Escanaba,Spring Fyke Net,2012,13.8,1,NA,NA
Escanaba,Spring Fyke Net,2012,15.7,3,6,1.19
Escanaba,Spring Fyke Net,2012,14.9,1,NA,NA
Escanaba,Spring Fyke Net,2012,13,1,NA,NA
Escanaba,Spring Fyke Net,2012,16.3,3,6,1.13
Escanaba,Spring Fyke Net,2012,17.9,2,NA,NA
Escanaba,Spring Fyke Net,2012,16.4,1,NA,NA
Escanaba,Spring Fyke Net,2012,16.5,1,NA,NA
Escanaba,Spring Fyke Net,2012,15.8,3,5,1.13
Escanaba,Spring Fyke Net,2012,18,2,7,2
Escanaba,Spring Fyke Net,2012,16.1,2,NA,NA
Escanaba,Spring Fyke Net,2012,15.7,1,NA,NA
Escanaba,Spring Fyke Net,2012,14.9,1,7,1.13
Escanaba,Spring Fyke Net,2012,15,1,NA,NA
Escanaba,Spring Fyke Net,2012,15.6,1,NA,NA
Escanaba,Spring Fyke Net,2012,17,1,8,1.5
Escanaba,Spring Fyke Net,2012,16.1,1,NA,NA
Escanaba,Spring Fyke Net,2012,13.1,1,NA,NA
Escanaba,Spring Fyke Net,2012,15.7,1,NA,NA
Escanaba,Spring Fyke Net,2012,21.9,2,NA,NA
Escanaba,Spring Fyke Net,2012,14.5,1,NA,NA
Escanaba,Spring Fyke Net,2012,17.2,1,11,1.63
Escanaba,Spring Fyke Net,2012,15.9,2,NA,NA
Escanaba,Spring Fyke Net,2012,15.8,1,NA,NA
Escanaba,Spring Fyke Net,2012,14.1,3,4,0.88
Escanaba,Spring Fyke Net,2012,14.4,1,NA,NA
Escanaba,Spring Fyke Net,2012,14.5,1,NA,NA
Escanaba,Spring Fyke Net,2012,13.7,1,NA,NA
Escanaba,Spring Fyke Net,2012,14.5,1,NA,NA
Escanaba,Spring Fyke Net,2012,18,3,6,1.94
Escanaba,Spring Fyke Net,2012,15.3,3,4,1
Escanaba,Spring Fyke Net,2012,13.1,1,NA,NA
Escanaba,Spring Fyke Net,2012,17.2,2,7,1.75
Escanaba,Spring Fyke Net,2012,15.5,1,NA,NA
Escanaba,Spring Fyke Net,2012,14.6,1,NA,NA
Escanaba,Spring Fyke Net,2012,15.5,1,NA,NA
Escanaba,Spring Fyke Net,2012,15.8,1,NA,NA
Escanaba,Spring Fyke Net,2012,13.2,1,NA,NA
Escanaba,Spring Fyke Net,2012,14.6,1,6,0.88
Escanaba,Spring Fyke Net,2012,14.8,1,NA,NA
Escanaba,Spring Fyke Net,2012,11.9,1,3,0.63
Escanaba,Spring Fyke Net,2012,19.8,2,NA,NA
Escanaba,Spring Fyke Net,2012,13.9,1,NA,NA
Escanaba,Spring Fyke Net,2012,14.5,1,NA,NA
Escanaba,Spring Fyke Net,2012,22.6,2,9,3.88
Escanaba,Spring Fyke Net,2012,15.3,1,NA,NA
Escanaba,Spring Fyke Net,2012,15.4,1,10,1
Escanaba,Spring Fyke Net,2012,13.3,1,NA,NA
Escanaba,Spring Fyke Net,2012,16.2,2,7,1.31
Escanaba,Spring Fyke Net,2012,15.9,2,7,1.38
Escanaba,Spring Fyke Net,2012,16.5,1,NA,NA
Escanaba,Spring Fyke Net,2012,15.3,2,NA,NA
Escanaba,Spring Fyke Net,2012,15.8,1,10,1
Escanaba,Spring Fyke Net,2012,14.8,1,NA,NA
Escanaba,Spring Fyke Net,2012,15.3,2,5,1.25
Escanaba,Spring Fyke Net,2012,14.9,1,NA,NA
Escanaba,Spring Fyke Net,2012,16.2,1,NA,NA
Escanaba,Spring Fyke Net,2012,14.3,1,NA,NA
Escanaba,Spring Fyke Net,2012,14.8,2,5,1.06
Escanaba,Spring Fyke Net,2012,15.6,1,NA,NA
Escanaba,Spring Fyke Net,2012,15.3,1,NA,NA
Escanaba,Spring Fyke Net,2012,14.7,1,NA,NA
Escanaba,Spring Fyke Net,2012,13.9,1,NA,NA
Escanaba,Spring Fyke Net,2012,16.2,1,7,1.44
Escanaba,Spring Fyke Net,2012,21,2,9,3
Escanaba,Spring Fyke Net,2012,15.7,1,NA,NA
Escanaba,Spring Fyke Net,2012,13.7,3,4,0.88
Escanaba,Spring Fyke Net,2012,14.7,1,NA,NA
Escanaba,Spring Fyke Net,2012,22.6,2,12,2.88
Escanaba,Spring Fyke Net,2012,14.3,1,NA,NA
Escanaba,Spring Fyke Net,2012,17.8,2,NA,NA
Escanaba,Spring Fyke Net,2012,13.7,1,NA,NA
Escanaba,Spring Fyke Net,2012,15.7,1,NA,NA
Escanaba,Spring Fyke Net,2012,13.3,1,NA,NA
Escanaba,Spring Fyke Net,2012,14.5,1,NA,NA
Escanaba,Spring Fyke Net,2012,13.2,1,NA,NA
Escanaba,Spring Fyke Net,2012,16.2,1,NA,NA
Escanaba,Spring Fyke Net,2012,15,2,7,1.06
Escanaba,Spring Fyke Net,2012,18,2,NA,NA
Escanaba,Spring Fyke Net,2012,14,1,NA,NA
Escanaba,Spring Fyke Net,2012,14,3,4,0.75
Escanaba,Spring Fyke Net,2012,13.3,1,NA,NA
Escanaba,Spring Fyke Net,2012,17.7,1,8,1.63
Escanaba,Spring Fyke Net,2012,16.7,1,NA,NA
Escanaba,Spring Fyke Net,2012,19.5,1,13,2.25
Escanaba,Spring Fyke Net,2012,12.6,3,3,0.5
Escanaba,Spring Fyke Net,2012,15.3,1,6,1.13
Escanaba,Spring Fyke Net,2012,17.5,2,7,1.75
Escanaba,Spring Fyke Net,2012,16,1,NA,NA
Escanaba,Spring Fyke Net,2012,16.9,3,6,1.31
Escanaba,Spring Fyke Net,2012,17.4,2,NA,NA
Escanaba,Spring Fyke Net,2012,19.8,2,NA,NA
Escanaba,Spring Fyke Net,2012,16.3,1,NA,NA
Escanaba,Spring Fyke Net,2012,17.6,1,NA,NA
Escanaba,Spring Fyke Net,2012,13.1,1,NA,NA
Escanaba,Spring Fyke Net,2012,17.4,1,NA,NA
Escanaba,Spring Fyke Net,2012,16.7,1,NA,NA
Escanaba,Spring Fyke Net,2012,18.6,2,NA,NA
Escanaba,Spring Fyke Net,2012,13.1,1,NA,NA
Escanaba,Spring Fyke Net,2012,19.1,1,7,1.94
Escanaba,Spring Fyke Net,2012,17,2,NA,NA
Escanaba,Spring Fyke Net,2012,15.6,2,NA,NA
Escanaba,Spring Fyke Net,2012,26,2,12,4.81
Escanaba,Spring Fyke Net,2012,20.1,2,10,2.88
Escanaba,Spring Fyke Net,2012,21.2,2,NA,NA
Escanaba,Spring Fyke Net,2012,15.6,1,NA,NA
Escanaba,Spring Fyke Net,2012,22.4,2,10,4.25
Escanaba,Spring Fyke Net,2012,15.8,1,NA,NA
Escanaba,Spring Fyke Net,2012,15.5,1,NA,NA
Escanaba,Spring Fyke Net,2012,14.5,1,NA,NA
Escanaba,Spring Fyke Net,2012,15.6,1,NA,NA
Escanaba,Spring Fyke Net,2012,14.5,1,6,1
Escanaba,Spring Fyke Net,2012,20.2,2,10,2.5
Escanaba,Spring Fyke Net,2012,14.3,1,NA,NA
Escanaba,Spring Fyke Net,2012,15.9,1,NA,NA
Escanaba,Spring Fyke Net,2012,21.1,2,11,2.56
Escanaba,Spring Fyke Net,2012,15.9,1,NA,NA
Escanaba,Spring Fyke Net,2012,15.5,2,NA,NA
Escanaba,Spring Fyke Net,2012,14,1,NA,NA
Escanaba,Spring Fyke Net,2012,14.8,1,NA,NA
Escanaba,Spring Fyke Net,2012,16.7,1,NA,NA
Escanaba,Spring Fyke Net,2012,16.3,1,NA,NA
Escanaba,Spring Fyke Net,2012,14.3,1,6,0.88
Escanaba,Spring Fyke Net,2012,24,2,14,4.56
Escanaba,Spring Fyke Net,2012,21.7,2,12,3.63
Escanaba,Spring Fyke Net,2012,15.1,2,NA,NA
Escanaba,Spring Fyke Net,2012,13.3,1,5,0.63
Escanaba,Spring Fyke Net,2012,13.3,1,NA,NA
Escanaba,Spring Fyke Net,2012,21.7,2,11,3.31
Escanaba,Spring Fyke Net,2012,16.2,1,NA,NA
Escanaba,Spring Fyke Net,2012,13,1,NA,NA
Escanaba,Spring Fyke Net,2012,15.8,2,NA,NA
Escanaba,Spring Fyke Net,2012,12.5,3,3,0.63
Escanaba,Spring Fyke Net,2012,16.1,1,NA,NA
Escanaba,Spring Fyke Net,2012,19.4,2,7,2.19
Escanaba,Spring Fyke Net,2012,16.2,1,NA,NA
Escanaba,Spring Fyke Net,2012,18.9,2,10,2.56
Escanaba,Spring Fyke Net,2012,17.9,2,8,2.5
Escanaba,Spring Fyke Net,2012,14.4,1,NA,NA
Escanaba,Spring Fyke Net,2012,15.7,1,NA,NA
Escanaba,Spring Fyke Net,2012,17.8,2,NA,NA
Escanaba,Spring Fyke Net,2012,13.5,1,5,0.75
Escanaba,Spring Fyke Net,2012,14.9,1,NA,NA
Escanaba,Spring Fyke Net,2012,16.1,1,NA,NA
Escanaba,Spring Fyke Net,2012,15.7,1,NA,NA
Escanaba,Spring Fyke Net,2012,15.9,1,NA,NA
Escanaba,Spring Fyke Net,2012,17.3,2,9,1.44
Escanaba,Spring Fyke Net,2012,15.7,1,5,1.13
Escanaba,Spring Fyke Net,2012,16.1,2,NA,NA
Escanaba,Spring Fyke Net,2012,14.8,1,NA,NA
Escanaba,Spring Fyke Net,2012,16.3,1,NA,NA
Escanaba,Spring Fyke Net,2012,14.5,3,5,0.94
Escanaba,Spring Fyke Net,2012,14.1,1,NA,NA
Escanaba,Spring Fyke Net,2012,19.9,2,NA,NA
Escanaba,Spring Fyke Net,2012,15,1,NA,NA
Escanaba,Spring Fyke Net,2012,12.9,1,NA,NA
Escanaba,Spring Fyke Net,2012,17,2,NA,NA
Escanaba,Spring Fyke Net,2012,15.2,1,NA,NA
Escanaba,Spring Fyke Net,2012,16.7,2,10,1.56
Escanaba,Spring Fyke Net,2012,14.6,1,NA,NA
Escanaba,Spring Fyke Net,2012,13.1,1,NA,NA
Escanaba,Spring Fyke Net,2012,14.3,1,NA,NA
Escanaba,Spring Fyke Net,2012,13.7,1,NA,NA
Escanaba,Spring Fyke Net,2012,15,1,NA,NA
Escanaba,Spring Fyke Net,2012,14.2,1,NA,NA
Escanaba,Spring Fyke Net,2012,14.4,1,NA,NA
Escanaba,Spring Fyke Net,2012,18.7,2,NA,NA
Escanaba,Spring Fyke Net,2012,17.4,2,NA,NA
Escanaba,Spring Fyke Net,2012,16,1,NA,NA
Escanaba,Spring Fyke Net,2012,12.4,1,4,0.56
Escanaba,Spring Fyke Net,2012,19.2,2,8,2
Escanaba,Spring Fyke Net,2012,14.8,1,NA,NA
Escanaba,Spring Fyke Net,2012,9.9,3,2,0.38
Escanaba,Spring Fyke Net,2012,15.6,1,NA,NA
Escanaba,Spring Fyke Net,2012,15.7,1,NA,NA
Escanaba,Spring Fyke Net,2012,18.1,2,NA,NA
Escanaba,Spring Fyke Net,2012,13.8,1,NA,NA
Escanaba,Spring Fyke Net,2012,18.4,2,7,2.19
Escanaba,Spring Fyke Net,2012,20.6,2,9,2.63
Escanaba,Spring Fyke Net,2012,19.1,2,NA,NA
Escanaba,Spring Fyke Net,2012,15.2,1,NA,NA
Escanaba,Spring Fyke Net,2012,12.9,1,NA,NA
Escanaba,Spring Fyke Net,2012,14.8,1,NA,NA
Escanaba,Spring Fyke Net,2012,19.5,2,NA,NA
Escanaba,Spring Fyke Net,2012,16.6,1,NA,NA
Escanaba,Spring Fyke Net,2012,16.2,2,NA,NA
Escanaba,Spring Fyke Net,2012,13.9,1,NA,NA
Escanaba,Spring Fyke Net,2012,15.8,1,NA,NA
Escanaba,Spring Fyke Net,2012,14.9,1,NA,NA
Escanaba,Spring Fyke Net,2012,17.2,1,10,1.63
Escanaba,Spring Fyke Net,2012,14.2,1,NA,NA
Escanaba,Spring Fyke Net,2012,11.3,1,3,0.44
Escanaba,Spring Fyke Net,2012,15.5,1,NA,NA
Escanaba,Spring Fyke Net,2012,15.3,1,NA,NA
Escanaba,Spring Fyke Net,2012,15.4,1,7,1.13
Escanaba,Spring Fyke Net,2012,14.5,1,5,0.88
Escanaba,Spring Fyke Net,2012,13.8,1,5,0.88
Escanaba,Spring Fyke Net,2012,17,2,7,1.63
Escanaba,Spring Fyke Net,2012,16.6,2,NA,NA
Escanaba,Spring Fyke Net,2012,14.9,1,NA,NA
Escanaba,Spring Fyke Net,2012,16.5,1,NA,NA
Escanaba,Spring Fyke Net,2012,16.7,1,NA,NA
Escanaba,Spring Fyke Net,2012,15,3,4,1
Escanaba,Spring Fyke Net,2012,15,1,NA,NA
Escanaba,Spring Fyke Net,2012,18.3,1,NA,NA
Escanaba,Spring Fyke Net,2012,18.6,1,10,2
Escanaba,Spring Fyke Net,2012,15.2,1,NA,NA
Escanaba,Spring Fyke Net,2012,17.2,2,NA,NA
Escanaba,Spring Fyke Net,2012,13.4,1,4,0.69
Escanaba,Spring Fyke Net,2012,18.7,2,NA,NA
Escanaba,Spring Fyke Net,2012,14.7,1,NA,NA
Escanaba,Spring Fyke Net,2012,15,1,NA,NA
Escanaba,Spring Fyke Net,2012,15,1,NA,NA
Escanaba,Spring Fyke Net,2012,17.1,1,NA,NA
Escanaba,Spring Fyke Net,2012,15,1,NA,NA
Escanaba,Spring Fyke Net,2012,19.9,2,NA,NA
Escanaba,Spring Fyke Net,2012,14.7,1,NA,NA
Escanaba,Spring Fyke Net,2012,15.4,2,5,1.25
Escanaba,Spring Fyke Net,2012,17.6,1,NA,NA
Escanaba,Spring Fyke Net,2012,13.5,1,NA,NA
Escanaba,Spring Fyke Net,2012,13.5,3,4,0.63
Escanaba,Spring Fyke Net,2012,14.9,1,7,1
Escanaba,Spring Fyke Net,2012,14.3,1,NA,NA
Escanaba,Spring Fyke Net,2012,13.1,1,NA,NA
Escanaba,Spring Fyke Net,2012,18.6,2,NA,NA
Escanaba,Spring Fyke Net,2012,15.1,1,NA,NA
Escanaba,Spring Fyke Net,2012,21.3,2,NA,NA
Escanaba,Spring Fyke Net,2012,13,3,3,0.69
Escanaba,Spring Fyke Net,2012,15.3,1,NA,NA
Escanaba,Spring Fyke Net,2012,15.7,1,NA,NA
Escanaba,Spring Fyke Net,2012,14.1,1,NA,NA
Escanaba,Spring Fyke Net,2012,13.6,1,NA,NA
Escanaba,Spring Fyke Net,2012,15,1,NA,NA
Escanaba,Spring Fyke Net,2012,15.7,1,NA,NA
Escanaba,Spring Fyke Net,2012,15.8,1,NA,NA
Escanaba,Spring Fyke Net,2012,18.4,3,7,1.88
Escanaba,Spring Fyke Net,2012,15.1,1,NA,NA
Escanaba,Spring Fyke Net,2012,16.2,2,7,1.44
Escanaba,Spring Fyke Net,2012,14.8,1,NA,NA
Escanaba,Spring Fyke Net,2012,18.4,2,NA,NA
Escanaba,Spring Fyke Net,2012,15.8,1,NA,NA
Escanaba,Spring Fyke Net,2012,12,1,4,0.63
Escanaba,Spring Fyke Net,2012,18.6,1,11,2.5
Escanaba,Spring Fyke Net,2012,21,2,8,2.06
Escanaba,Spring Fyke Net,2012,15.2,2,7,1.13
Escanaba,Spring Fyke Net,2012,13.9,1,NA,NA
Escanaba,Spring Fyke Net,2012,16.8,1,NA,NA
Escanaba,Spring Fyke Net,2012,18,2,NA,NA
Escanaba,Spring Fyke Net,2012,15.9,1,NA,NA
Escanaba,Spring Fyke Net,2012,14.4,1,NA,NA
Escanaba,Spring Fyke Net,2012,14.1,1,NA,NA
Escanaba,Spring Fyke Net,2012,15.5,1,NA,NA
Escanaba,Spring Fyke Net,2012,15.5,1,NA,NA
Escanaba,Spring Fyke Net,2012,17.2,2,7,1.75
Escanaba,Spring Fyke Net,2012,17.3,2,NA,NA
Escanaba,Spring Fyke Net,2012,13.4,1,NA,NA
Escanaba,Spring Fyke Net,2012,14.8,1,NA,NA
Escanaba,Spring Fyke Net,2012,19.2,2,NA,NA
Escanaba,Spring Fyke Net,2012,16.4,1,NA,NA
Escanaba,Spring Fyke Net,2012,15.4,1,NA,NA
Escanaba,Spring Fyke Net,2012,23,2,8,4.25
Escanaba,Spring Fyke Net,2012,22.7,2,9,4.13
Escanaba,Spring Fyke Net,2012,15.5,1,NA,NA
Escanaba,Spring Fyke Net,2012,15.6,1,NA,NA
Escanaba,Spring Fyke Net,2012,14.4,1,NA,NA
Escanaba,Spring Fyke Net,2012,18,2,NA,NA
Escanaba,Spring Fyke Net,2012,21.8,2,9,4.19
Escanaba,Spring Fyke Net,2012,14.9,2,6,0.94
Escanaba,Spring Fyke Net,2012,14.9,3,4,1
Escanaba,Spring Fyke Net,2012,15.7,1,NA,NA
Escanaba,Spring Fyke Net,2012,13.7,1,NA,NA
Escanaba,Spring Fyke Net,2012,16.8,1,NA,NA
Escanaba,Spring Fyke Net,2012,16.2,1,NA,NA
Escanaba,Spring Fyke Net,2012,14.7,1,NA,NA
Escanaba,Spring Fyke Net,2012,14.3,1,NA,NA
Escanaba,Spring Fyke Net,2012,13.8,1,NA,NA
Escanaba,Spring Fyke Net,2012,18.2,2,7,2.19
Escanaba,Spring Fyke Net,2012,13.3,3,4,0.63
Escanaba,Spring Fyke Net,2012,16.3,3,7,1.31
Escanaba,Spring Fyke Net,2012,17.4,1,11,1.63
Escanaba,Spring Fyke Net,2012,14,1,NA,NA
Escanaba,Spring Fyke Net,2012,17,2,NA,NA
Escanaba,Spring Fyke Net,2012,20.3,2,NA,NA
Escanaba,Spring Fyke Net,2012,22.8,2,10,4
Escanaba,Spring Fyke Net,2012,13.7,1,4,0.56
Escanaba,Spring Fyke Net,2012,17.4,1,NA,NA
Escanaba,Spring Fyke Net,2012,16.9,2,NA,NA
Escanaba,Spring Fyke Net,2012,23.7,2,13,5.38
Escanaba,Spring Fyke Net,2012,16,1,7,1.25
Escanaba,Spring Fyke Net,2012,14.5,1,NA,NA
Escanaba,Spring Fyke Net,2012,17.7,2,NA,NA
Escanaba,Spring Fyke Net,2012,19.5,2,11,2.75
Escanaba,Spring Fyke Net,2012,14.9,1,NA,NA
Escanaba,Spring Fyke Net,2012,14.5,1,NA,NA
Escanaba,Spring Fyke Net,2012,15.7,1,10,1.19
Escanaba,Spring Fyke Net,2012,16,1,13,1.19
Escanaba,Spring Fyke Net,2012,17.4,2,NA,NA
Escanaba,Spring Fyke Net,2012,14.2,1,6,0.81
Escanaba,Spring Fyke Net,2012,16.1,1,7,1.25
Escanaba,Spring Fyke Net,2012,17.3,2,NA,NA
Escanaba,Spring Fyke Net,2012,12.9,3,4,0.44
Escanaba,Spring Fyke Net,2012,21.7,2,9,2.94
Escanaba,Spring Fyke Net,2012,17.2,2,NA,NA
Escanaba,Spring Fyke Net,2012,17.6,2,8,1.69
Escanaba,Spring Fyke Net,2012,18.1,1,NA,NA
Escanaba,Spring Fyke Net,2012,13.3,1,NA,NA
Escanaba,Spring Fyke Net,2012,13.1,1,NA,NA
Escanaba,Spring Fyke Net,2012,15.9,2,NA,NA
Escanaba,Spring Fyke Net,2012,18.1,2,NA,NA
Escanaba,Spring Fyke Net,2012,16.2,2,NA,NA
Escanaba,Spring Fyke Net,2012,14.5,1,NA,NA
Escanaba,Spring Fyke Net,2012,14.5,1,NA,NA
Escanaba,Spring Fyke Net,2012,13.8,1,NA,NA
Escanaba,Spring Fyke Net,2012,17.6,2,7,1.75
Escanaba,Spring Fyke Net,2012,15.5,1,NA,NA
Escanaba,Spring Fyke Net,2012,17.6,2,NA,NA
Escanaba,Spring Fyke Net,2012,14.9,1,NA,NA
Escanaba,Spring Fyke Net,2012,17,2,NA,NA
Escanaba,Spring Fyke Net,2012,18.1,2,NA,NA
Escanaba,Spring Fyke Net,2012,15.8,1,NA,NA
Escanaba,Spring Fyke Net,2012,16.8,1,NA,NA
Escanaba,Spring Fyke Net,2012,17.9,1,NA,NA
Escanaba,Spring Fyke Net,2012,15.1,1,NA,NA
Escanaba,Spring Fyke Net,2012,15.9,1,NA,NA
Escanaba,Spring Fyke Net,2012,13.4,1,NA,NA
Escanaba,Spring Fyke Net,2012,14.9,1,NA,NA
Escanaba,Spring Fyke Net,2012,16.7,2,NA,NA
Escanaba,Spring Fyke Net,2012,18.2,2,NA,NA
Escanaba,Spring Fyke Net,2012,12.4,1,NA,NA
Escanaba,Spring Fyke Net,2012,13.9,1,NA,NA
Escanaba,Spring Fyke Net,2012,12.5,1,4,0.5
Escanaba,Spring Fyke Net,2012,16.5,1,NA,NA
Escanaba,Spring Fyke Net,2012,14.9,1,NA,NA
Escanaba,Spring Fyke Net,2012,15.7,1,NA,NA
Escanaba,Spring Fyke Net,2012,15.6,1,NA,NA
Escanaba,Spring Fyke Net,2012,17.5,1,NA,NA
Escanaba,Spring Fyke Net,2012,20,2,NA,NA
Escanaba,Spring Fyke Net,2012,13.7,1,NA,NA
Escanaba,Spring Fyke Net,2012,15.3,3,5,1.19
Escanaba,Spring Fyke Net,2012,13.3,1,NA,NA
Escanaba,Spring Fyke Net,2012,16.8,2,10,1.56
Escanaba,Spring Fyke Net,2012,17.2,1,NA,NA
Escanaba,Spring Fyke Net,2012,17.3,1,8,2
Escanaba,Spring Fyke Net,2012,14.1,1,NA,NA
Escanaba,Spring Fyke Net,2012,16.7,2,NA,NA
Escanaba,Spring Fyke Net,2012,16.5,1,NA,NA
Escanaba,Spring Fyke Net,2012,16.9,1,NA,NA
Escanaba,Spring Fyke Net,2012,15.2,1,NA,NA
Escanaba,Spring Fyke Net,2012,16.1,1,NA,NA
Escanaba,Spring Fyke Net,2012,15.5,1,NA,NA
Escanaba,Spring Fyke Net,2012,18.8,2,11,2
Escanaba,Spring Fyke Net,2012,15.1,1,NA,NA
Escanaba,Spring Fyke Net,2012,18.3,2,8,2
Escanaba,Spring Fyke Net,2012,18.4,2,NA,NA
Escanaba,Spring Fyke Net,2012,20.7,3,7,2.81
Escanaba,Spring Fyke Net,2012,14.6,1,NA,NA
Escanaba,Spring Fyke Net,2012,15.7,3,4,1.25
Escanaba,Spring Fyke Net,2012,13.5,1,NA,NA
Escanaba,Spring Fyke Net,2012,12.8,1,5,0.5
Escanaba,Spring Fyke Net,2012,18.2,2,9,1.44
Escanaba,Spring Fyke Net,2012,19.2,2,7,2.5
Escanaba,Spring Fyke Net,2012,15.1,1,NA,NA
Escanaba,Spring Fyke Net,2012,21.8,2,NA,NA
Escanaba,Spring Fyke Net,2012,16.8,2,NA,NA
Escanaba,Spring Fyke Net,2012,16.1,1,NA,NA
Escanaba,Spring Fyke Net,2012,19.5,2,9,2.25
Escanaba,Spring Fyke Net,2012,15.7,1,NA,NA
Escanaba,Spring Fyke Net,2012,14.5,1,NA,NA
Escanaba,Spring Fyke Net,2012,14.6,1,NA,NA
Escanaba,Spring Fyke Net,2012,16.7,1,NA,NA
Escanaba,Spring Fyke Net,2012,15.8,1,NA,NA
Escanaba,Spring Fyke Net,2012,16.8,1,8,2.31
Escanaba,Spring Fyke Net,2012,19.8,2,7,2.38
Escanaba,Spring Fyke Net,2012,16.4,2,6,1.38
Escanaba,Spring Fyke Net,2012,15.7,2,5,1.19
Escanaba,Spring Fyke Net,2012,14.4,1,NA,NA
Escanaba,Spring Fyke Net,2012,14.8,1,NA,NA
Escanaba,Spring Fyke Net,2012,19.3,2,7,2.38
Escanaba,Spring Fyke Net,2012,16.1,1,NA,NA
Escanaba,Spring Fyke Net,2012,18.3,2,NA,NA
Escanaba,Spring Fyke Net,2012,15.8,3,5,1.13
Escanaba,Spring Fyke Net,2012,17.6,2,NA,NA
Escanaba,Spring Fyke Net,2012,14.6,1,NA,NA
Escanaba,Spring Fyke Net,2012,13.1,1,4,0.81
Escanaba,Spring Fyke Net,2012,16.9,2,7,1.63
Escanaba,Spring Fyke Net,2012,16.5,2,NA,NA
Escanaba,Spring Fyke Net,2012,15.1,1,NA,NA
Escanaba,Spring Fyke Net,2013,14.9,1,NA,NA
Escanaba,Spring Fyke Net,2013,15.7,3,5,1.12
Escanaba,Spring Fyke Net,2013,15.7,1,NA,NA
Escanaba,Spring Fyke Net,2013,15.8,1,NA,NA
Escanaba,Spring Fyke Net,2013,22,2,9,3.43
Escanaba,Spring Fyke Net,2013,12.2,1,NA,NA
Escanaba,Spring Fyke Net,2013,21.1,2,11,2.63
Escanaba,Spring Fyke Net,2013,20.3,2,NA,NA
Escanaba,Spring Fyke Net,2013,15.2,1,NA,NA
Escanaba,Spring Fyke Net,2013,16.3,1,NA,NA
Escanaba,Spring Fyke Net,2013,13.4,1,NA,NA
Escanaba,Spring Fyke Net,2013,17,2,NA,NA
Escanaba,Spring Fyke Net,2013,15.6,1,NA,NA
Escanaba,Spring Fyke Net,2013,15.6,1,NA,NA
Escanaba,Spring Fyke Net,2013,20,2,7,2.4
Escanaba,Spring Fyke Net,2013,15.1,1,NA,NA
Escanaba,Spring Fyke Net,2013,18,2,NA,NA
Escanaba,Spring Fyke Net,2013,16.8,2,NA,NA
Escanaba,Spring Fyke Net,2013,17.2,2,NA,NA
Escanaba,Spring Fyke Net,2013,16.5,2,NA,NA
Escanaba,Spring Fyke Net,2013,14.1,1,NA,NA
Escanaba,Spring Fyke Net,2013,13.8,1,NA,NA
Escanaba,Spring Fyke Net,2013,17.4,2,8,1.38
Escanaba,Spring Fyke Net,2013,17.4,2,NA,NA
Escanaba,Spring Fyke Net,2013,14.1,1,NA,NA
Escanaba,Spring Fyke Net,2013,15.6,1,9,1.06
Escanaba,Spring Fyke Net,2013,8.2,3,1,0.15
Escanaba,Spring Fyke Net,2013,16.8,3,5,1.33
Escanaba,Spring Fyke Net,2013,11.2,3,3,0.43
Escanaba,Spring Fyke Net,2013,18.5,2,7,1.78
Escanaba,Spring Fyke Net,2013,17.6,2,NA,NA
Escanaba,Spring Fyke Net,2013,18.8,2,NA,NA
Escanaba,Spring Fyke Net,2013,17.1,2,NA,NA
Escanaba,Spring Fyke Net,2013,16.1,2,NA,NA
Escanaba,Spring Fyke Net,2013,19,2,NA,NA
Escanaba,Spring Fyke Net,2013,18.3,2,NA,NA
Escanaba,Spring Fyke Net,2013,14.5,2,5,0.99
Escanaba,Spring Fyke Net,2013,14.9,1,NA,NA
Escanaba,Spring Fyke Net,2013,19.7,2,8,2.35
Escanaba,Spring Fyke Net,2013,15,1,NA,NA
Escanaba,Spring Fyke Net,2013,13.2,1,NA,NA
Escanaba,Spring Fyke Net,2013,20.9,2,11,2.91
Escanaba,Spring Fyke Net,2013,22.5,2,12,4.22
Escanaba,Spring Fyke Net,2013,16.3,1,NA,NA
Escanaba,Spring Fyke Net,2013,10.4,1,3,0.29
Escanaba,Spring Fyke Net,2013,18.2,2,NA,NA
Escanaba,Spring Fyke Net,2013,15.8,1,NA,NA
Escanaba,Spring Fyke Net,2013,15.5,2,8,1.31
Escanaba,Spring Fyke Net,2013,16,1,NA,NA
Escanaba,Spring Fyke Net,2013,17.7,2,NA,NA
Escanaba,Spring Fyke Net,2013,17.7,2,NA,NA
Escanaba,Spring Fyke Net,2013,17.3,2,NA,NA
Escanaba,Spring Fyke Net,2013,18.1,2,NA,NA
Escanaba,Spring Fyke Net,2013,14.9,1,NA,NA
Escanaba,Spring Fyke Net,2013,18.5,2,NA,NA
Escanaba,Spring Fyke Net,2013,16.4,1,NA,NA
Escanaba,Spring Fyke Net,2013,15.9,1,NA,NA
Escanaba,Spring Fyke Net,2013,14.2,1,NA,NA
Escanaba,Spring Fyke Net,2013,16.2,1,NA,NA
Escanaba,Spring Fyke Net,2013,16,2,NA,NA
Escanaba,Spring Fyke Net,2013,17.1,1,NA,NA
Escanaba,Spring Fyke Net,2013,15.6,1,NA,NA
Escanaba,Spring Fyke Net,2013,14.5,1,NA,NA
Escanaba,Spring Fyke Net,2013,17.4,3,6,1.53
Escanaba,Spring Fyke Net,2013,20.3,2,8,2.65
Escanaba,Spring Fyke Net,2013,14.7,3,4,0.94
Escanaba,Spring Fyke Net,2013,21,2,10,2.73
Escanaba,Spring Fyke Net,2013,14,1,NA,NA
Escanaba,Spring Fyke Net,2013,18.6,2,NA,NA
Escanaba,Spring Fyke Net,2013,16,1,NA,NA
Escanaba,Spring Fyke Net,2013,15.3,1,NA,NA
Escanaba,Spring Fyke Net,2013,11.7,1,3,0.41
Escanaba,Spring Fyke Net,2013,21.1,2,11,2.91
Escanaba,Spring Fyke Net,2013,14.2,1,NA,NA
Escanaba,Spring Fyke Net,2013,17.4,2,NA,NA
Escanaba,Spring Fyke Net,2013,14.7,2,5,0.91
Escanaba,Spring Fyke Net,2013,17.7,2,NA,NA
Escanaba,Spring Fyke Net,2013,14.1,3,3,0.79
Escanaba,Spring Fyke Net,2013,11.4,1,3,0.46
Escanaba,Spring Fyke Net,2013,13.3,1,NA,NA
Escanaba,Spring Fyke Net,2013,20,2,NA,NA
Escanaba,Spring Fyke Net,2013,15,1,6,0.9
Escanaba,Spring Fyke Net,2013,11.8,1,NA,NA
Escanaba,Spring Fyke Net,2013,16,1,NA,NA
Escanaba,Spring Fyke Net,2013,22.7,2,11,3.33
Escanaba,Spring Fyke Net,2013,12.8,1,NA,NA
Escanaba,Spring Fyke Net,2013,21.8,2,11,3.46
Escanaba,Spring Fyke Net,2013,14.9,1,NA,NA
Escanaba,Spring Fyke Net,2013,14.7,3,5,0.95
Escanaba,Spring Fyke Net,2013,17.2,2,NA,NA
Escanaba,Spring Fyke Net,2013,20.3,2,8,2.41
Escanaba,Spring Fyke Net,2013,14.4,1,NA,NA
Escanaba,Spring Fyke Net,2013,22.9,2,13,3.22
Escanaba,Spring Fyke Net,2013,14.6,1,NA,NA
Escanaba,Spring Fyke Net,2013,12.9,1,3,0.62
Escanaba,Spring Fyke Net,2013,17.7,3,6,1.61
Escanaba,Spring Fyke Net,2013,16.1,1,NA,NA
Escanaba,Spring Fyke Net,2013,14.4,2,5,0.87
Escanaba,Spring Fyke Net,2013,21.8,2,7,2.82
Escanaba,Spring Fyke Net,2013,18.3,2,NA,NA
Escanaba,Spring Fyke Net,2013,17.7,1,9,1.36
Escanaba,Spring Fyke Net,2013,14.8,1,NA,NA
Escanaba,Spring Fyke Net,2013,16,2,6,1.1
Escanaba,Spring Fyke Net,2013,15.9,1,NA,NA
Escanaba,Spring Fyke Net,2013,15.5,2,NA,NA
Escanaba,Spring Fyke Net,2013,13.9,3,NA,NA
Escanaba,Spring Fyke Net,2013,14.5,1,NA,NA
Escanaba,Spring Fyke Net,2013,14.5,1,NA,NA
Escanaba,Spring Fyke Net,2013,14.5,1,5,0.93
Escanaba,Spring Fyke Net,2013,16.6,2,NA,NA
Escanaba,Spring Fyke Net,2013,15,1,NA,NA
Escanaba,Spring Fyke Net,2013,15.5,1,8,1.16
Escanaba,Spring Fyke Net,2013,14.3,2,5,0.94
Escanaba,Spring Fyke Net,2013,17.5,1,NA,NA
Escanaba,Spring Fyke Net,2013,15.2,2,5,0.99
Escanaba,Spring Fyke Net,2013,14.9,1,NA,NA
Escanaba,Spring Fyke Net,2013,21.5,2,9,2.7
Escanaba,Spring Fyke Net,2013,15,1,NA,NA
Escanaba,Spring Fyke Net,2013,23.2,2,14,3.08
Escanaba,Spring Fyke Net,2013,20.8,2,8,2.32
Escanaba,Spring Fyke Net,2013,20.2,2,11,2.36
Escanaba,Spring Fyke Net,2013,15.2,1,NA,NA
Escanaba,Spring Fyke Net,2013,18.6,2,NA,NA
Escanaba,Spring Fyke Net,2013,13.8,1,4,0.74
Escanaba,Spring Fyke Net,2013,13,1,3,0.61
Escanaba,Spring Fyke Net,2013,18.5,2,NA,NA
Escanaba,Spring Fyke Net,2013,12.6,3,3,0.52
Escanaba,Spring Fyke Net,2013,17.9,2,NA,NA
Escanaba,Spring Fyke Net,2013,13.8,2,4,0.86
Escanaba,Spring Fyke Net,2013,13.9,1,NA,NA
Escanaba,Spring Fyke Net,2013,14,3,5,0.69
Escanaba,Spring Fyke Net,2013,12.8,1,NA,NA
Escanaba,Spring Fyke Net,2013,23.1,2,10,3.8
Escanaba,Spring Fyke Net,2013,11.8,3,3,0.43
Escanaba,Spring Fyke Net,2013,15.4,1,NA,NA
Escanaba,Spring Fyke Net,2013,18.4,2,NA,NA
Escanaba,Spring Fyke Net,2013,17.3,2,NA,NA
Escanaba,Spring Fyke Net,2013,19.3,1,NA,NA
Escanaba,Spring Fyke Net,2013,16.7,2,NA,NA
Escanaba,Spring Fyke Net,2013,16.1,3,5,1.15
Escanaba,Spring Fyke Net,2013,15.9,2,NA,NA
Escanaba,Spring Fyke Net,2013,15,1,NA,NA
Escanaba,Spring Fyke Net,2013,18.3,2,NA,NA
Escanaba,Spring Fyke Net,2013,17.7,2,NA,NA
Escanaba,Spring Fyke Net,2013,14.8,1,6,0.83
Escanaba,Spring Fyke Net,2013,19,2,NA,NA
Escanaba,Spring Fyke Net,2013,17.7,2,NA,NA
Escanaba,Spring Fyke Net,2013,16.3,1,NA,NA
Escanaba,Spring Fyke Net,2013,15.9,1,NA,NA
Escanaba,Spring Fyke Net,2013,15.8,1,NA,NA
Escanaba,Spring Fyke Net,2013,14.3,3,4,0.83
Escanaba,Spring Fyke Net,2013,20.2,2,NA,NA
Escanaba,Spring Fyke Net,2013,14.5,1,NA,NA
Escanaba,Spring Fyke Net,2013,16.8,2,NA,NA
Escanaba,Spring Fyke Net,2013,15.8,1,NA,NA
Escanaba,Spring Fyke Net,2013,13,1,NA,NA
Escanaba,Spring Fyke Net,2013,15.9,1,NA,NA
Escanaba,Spring Fyke Net,2013,16.3,1,8,1.26
Escanaba,Spring Fyke Net,2013,16,1,NA,NA
Escanaba,Spring Fyke Net,2013,16.5,1,NA,NA
Escanaba,Spring Fyke Net,2013,13.8,3,4,0.77
Escanaba,Spring Fyke Net,2013,24.1,2,14,4.85
Escanaba,Spring Fyke Net,2013,14.5,1,NA,NA
Escanaba,Spring Fyke Net,2013,14.5,1,5,0.89
Escanaba,Spring Fyke Net,2013,17.1,2,8,1.6
Escanaba,Spring Fyke Net,2013,21.5,2,11,3.1
Escanaba,Spring Fyke Net,2013,17.8,2,NA,NA
Escanaba,Spring Fyke Net,2013,18.7,2,NA,NA
Escanaba,Spring Fyke Net,2013,16.3,2,6,1.49
Escanaba,Spring Fyke Net,2013,11.8,1,3,0.45
Escanaba,Spring Fyke Net,2013,16.5,2,NA,NA
Escanaba,Spring Fyke Net,2013,15.4,1,NA,NA
Escanaba,Spring Fyke Net,2013,16.1,1,11,1.23
Escanaba,Spring Fyke Net,2013,15.6,1,NA,NA
Escanaba,Spring Fyke Net,2013,19.9,2,NA,2.15
Escanaba,Spring Fyke Net,2013,14.7,1,NA,NA
Escanaba,Spring Fyke Net,2013,16,1,NA,NA
Escanaba,Spring Fyke Net,2013,15.8,2,NA,NA
Escanaba,Spring Fyke Net,2013,16.3,1,NA,NA
Escanaba,Spring Fyke Net,2013,17.7,2,NA,NA
Escanaba,Spring Fyke Net,2013,14.3,1,NA,NA
Escanaba,Spring Fyke Net,2013,15.9,2,NA,NA
Escanaba,Spring Fyke Net,2013,13,1,NA,NA
Escanaba,Spring Fyke Net,2013,12.5,1,NA,NA
Escanaba,Spring Fyke Net,2013,15.8,1,NA,NA
Escanaba,Spring Fyke Net,2013,16.9,2,NA,NA
Escanaba,Spring Fyke Net,2013,15.4,1,7,1.07
Escanaba,Spring Fyke Net,2013,17.3,2,NA,NA
Escanaba,Spring Fyke Net,2013,14,1,NA,NA
Escanaba,Spring Fyke Net,2013,12.6,1,3,0.57
Escanaba,Spring Fyke Net,2013,15,1,NA,NA
Escanaba,Spring Fyke Net,2013,16.8,2,NA,NA
Escanaba,Spring Fyke Net,2013,13,3,3,0.67
Escanaba,Spring Fyke Net,2013,14,1,NA,NA
Escanaba,Spring Fyke Net,2013,15.5,1,NA,NA
Escanaba,Spring Fyke Net,2013,27.3,2,13,5.82
Escanaba,Spring Fyke Net,2013,14.2,1,NA,NA
Escanaba,Spring Fyke Net,2013,11.9,1,3,0.49
Escanaba,Spring Fyke Net,2013,15.2,2,5,1.12
Escanaba,Spring Fyke Net,2013,19.6,2,NA,NA
Escanaba,Spring Fyke Net,2013,15.5,1,NA,NA
Escanaba,Spring Fyke Net,2013,17.8,2,NA,NA
Escanaba,Spring Fyke Net,2013,15.8,1,NA,NA
Escanaba,Spring Fyke Net,2013,15.9,2,6,1.35
Escanaba,Spring Fyke Net,2013,17.6,2,NA,NA
Escanaba,Spring Fyke Net,2013,13.9,3,3,0.82
Escanaba,Spring Fyke Net,2013,15.6,2,NA,NA
Escanaba,Spring Fyke Net,2013,15.7,2,NA,NA
Escanaba,Spring Fyke Net,2013,13.2,1,NA,NA
Escanaba,Spring Fyke Net,2013,18.3,3,7,1.7
Escanaba,Spring Fyke Net,2013,16.8,1,8,1.38
Escanaba,Spring Fyke Net,2013,13.9,1,3,0.77
Escanaba,Spring Fyke Net,2013,14.9,2,5,0.84
Escanaba,Spring Fyke Net,2013,13.5,1,NA,NA
Escanaba,Spring Fyke Net,2013,15.3,2,NA,NA
Escanaba,Spring Fyke Net,2013,14.8,1,NA,NA
Escanaba,Spring Fyke Net,2013,12.9,1,3,0.62
Escanaba,Spring Fyke Net,2013,19.9,2,7,2.1
Escanaba,Spring Fyke Net,2013,17.2,1,10,1.46
Escanaba,Spring Fyke Net,2013,13.5,3,3,0.72
Escanaba,Spring Fyke Net,2013,14.4,1,5,0.86
Escanaba,Spring Fyke Net,2013,17.9,2,NA,NA
Escanaba,Spring Fyke Net,2013,15.7,1,NA,NA
Escanaba,Spring Fyke Net,2013,15.1,1,NA,NA
Escanaba,Spring Fyke Net,2013,19.5,2,NA,NA
Escanaba,Spring Fyke Net,2013,18.9,2,NA,NA
Escanaba,Spring Fyke Net,2013,18.2,2,8,1.78
Escanaba,Spring Fyke Net,2013,14.3,1,4,0.8
Escanaba,Spring Fyke Net,2013,14.5,1,NA,NA
Escanaba,Spring Fyke Net,2013,12.3,1,NA,NA
Escanaba,Spring Fyke Net,2013,15.7,2,NA,NA
Escanaba,Spring Fyke Net,2013,22.9,2,9,3.6
Escanaba,Spring Fyke Net,2013,14.3,1,NA,NA
Escanaba,Spring Fyke Net,2013,16.8,2,NA,NA
Escanaba,Spring Fyke Net,2013,15,1,NA,NA
Escanaba,Spring Fyke Net,2013,16.1,1,NA,NA
Escanaba,Spring Fyke Net,2013,13.4,1,4,0.72
Escanaba,Spring Fyke Net,2013,13,1,3,0.58
Escanaba,Spring Fyke Net,2013,15.2,3,5,1.15
Escanaba,Spring Fyke Net,2013,18.9,3,6,2.11
Escanaba,Spring Fyke Net,2013,18.5,2,7,1.64
Escanaba,Spring Fyke Net,2013,19.2,3,6,1.97
Escanaba,Spring Fyke Net,2013,17.3,2,7,1.63
Escanaba,Spring Fyke Net,2013,16.1,2,NA,NA
Escanaba,Spring Fyke Net,2013,17,2,NA,NA
Escanaba,Spring Fyke Net,2013,13.7,1,NA,NA
Escanaba,Spring Fyke Net,2013,18.5,1,11,1.89
Escanaba,Spring Fyke Net,2013,17.5,2,NA,NA
Escanaba,Spring Fyke Net,2013,16.6,2,NA,NA
Escanaba,Spring Fyke Net,2013,17.3,2,NA,NA
Escanaba,Spring Fyke Net,2013,21.1,2,11,2.92
Escanaba,Spring Fyke Net,2013,13.9,1,NA,NA
Escanaba,Spring Fyke Net,2013,13.4,1,NA,NA
Escanaba,Spring Fyke Net,2013,10.5,3,2,0.25
Escanaba,Spring Fyke Net,2013,20.2,2,NA,NA
Escanaba,Spring Fyke Net,2013,17.7,2,7,1.5
Escanaba,Spring Fyke Net,2013,12.3,1,NA,NA
Escanaba,Spring Fyke Net,2013,22.1,2,NA,NA
Escanaba,Spring Fyke Net,2013,15.5,1,NA,NA
Escanaba,Spring Fyke Net,2013,16.1,2,NA,NA
Escanaba,Spring Fyke Net,2013,15.2,2,NA,NA
Escanaba,Spring Fyke Net,2013,16.1,2,NA,NA
Escanaba,Spring Fyke Net,2013,15.1,3,6,1.04
Escanaba,Spring Fyke Net,2013,14.8,1,NA,NA
Escanaba,Spring Fyke Net,2013,15.9,1,NA,NA
Escanaba,Spring Fyke Net,2013,13.5,1,4,0.69
Escanaba,Spring Fyke Net,2013,17,1,NA,NA
Escanaba,Spring Fyke Net,2013,16.9,2,NA,NA
Escanaba,Spring Fyke Net,2013,15.8,2,5,1.28
Escanaba,Spring Fyke Net,2013,14.4,1,NA,NA
Escanaba,Spring Fyke Net,2013,17.2,1,7,1.42
Escanaba,Spring Fyke Net,2013,20,2,NA,NA
Escanaba,Spring Fyke Net,2013,22,2,12,3.16
Escanaba,Spring Fyke Net,2013,16.1,1,NA,NA
Escanaba,Spring Fyke Net,2013,18.3,2,8,2.11
Escanaba,Spring Fyke Net,2013,16,1,NA,NA
Escanaba,Spring Fyke Net,2013,20.6,2,NA,NA
Escanaba,Spring Fyke Net,2013,12.8,1,NA,NA
Escanaba,Spring Fyke Net,2013,16.3,1,7,1.31
Escanaba,Spring Fyke Net,2013,16.6,1,NA,NA
Escanaba,Spring Fyke Net,2013,15.8,2,NA,NA
Escanaba,Spring Fyke Net,2013,14.3,3,5,0.85
Escanaba,Spring Fyke Net,2013,15.4,1,4,1.04
Escanaba,Spring Fyke Net,2013,14.5,1,NA,NA
Escanaba,Spring Fyke Net,2013,19.6,2,8,2.22
Escanaba,Spring Fyke Net,2013,22.7,3,8,3.61
Escanaba,Spring Fyke Net,2013,13,3,3,0.62
Escanaba,Spring Fyke Net,2013,18.6,2,NA,NA
Escanaba,Spring Fyke Net,2013,14.8,2,5,0.94
Escanaba,Spring Fyke Net,2013,13.1,3,3,0.71
Escanaba,Spring Fyke Net,2013,13,1,3,0.6
Escanaba,Spring Fyke Net,2013,21.8,2,12,2.93
Escanaba,Spring Fyke Net,2013,15.1,1,NA,NA
Escanaba,Spring Fyke Net,2013,13.9,1,NA,NA
Escanaba,Spring Fyke Net,2013,19,2,NA,NA
Escanaba,Spring Fyke Net,2013,13.8,1,NA,NA
Escanaba,Spring Fyke Net,2013,13.9,1,NA,NA
Escanaba,Spring Fyke Net,2013,15.9,1,NA,NA
Escanaba,Spring Fyke Net,2013,15.4,2,NA,NA
Escanaba,Spring Fyke Net,2013,18.8,2,10,1.69
Escanaba,Spring Fyke Net,2013,16.2,2,8,1.3
Escanaba,Spring Fyke Net,2013,15.8,1,NA,NA
Escanaba,Spring Fyke Net,2013,15.2,1,NA,NA
Escanaba,Spring Fyke Net,2013,14.5,1,NA,NA
Escanaba,Spring Fyke Net,2013,13.8,3,NA,NA
Escanaba,Spring Fyke Net,2013,15.7,1,NA,NA
Escanaba,Spring Fyke Net,2013,14.2,1,NA,NA
Escanaba,Spring Fyke Net,2013,17.5,1,7,1.61
Escanaba,Spring Fyke Net,2013,14.7,1,NA,NA
Escanaba,Spring Fyke Net,2013,16.1,1,NA,NA
Escanaba,Spring Fyke Net,2013,14.5,1,NA,NA
Escanaba,Spring Fyke Net,2013,16.9,1,8,1.33
Escanaba,Spring Fyke Net,2013,13.2,1,NA,NA
Escanaba,Spring Fyke Net,2013,18.5,2,NA,NA
Escanaba,Spring Fyke Net,2013,12.5,1,3,0.53
Escanaba,Spring Fyke Net,2013,14.7,1,NA,NA
Escanaba,Spring Fyke Net,2013,18.5,2,NA,NA
Escanaba,Spring Fyke Net,2013,18.2,2,NA,NA
Escanaba,Spring Fyke Net,2013,13.9,1,NA,NA
Escanaba,Spring Fyke Net,2013,16,1,NA,NA
Escanaba,Spring Fyke Net,2013,14.4,1,NA,NA
Escanaba,Spring Fyke Net,2013,17.8,1,NA,NA
Escanaba,Spring Fyke Net,2013,18.5,2,NA,NA
Escanaba,Spring Fyke Net,2013,20.7,2,NA,NA
Escanaba,Spring Fyke Net,2013,10.1,3,2,0.3
Escanaba,Spring Fyke Net,2013,14.2,1,4,0.89
Escanaba,Spring Fyke Net,2013,12.3,1,NA,NA
Escanaba,Spring Fyke Net,2013,15,2,5,1.13
Escanaba,Spring Fyke Net,2013,15.5,1,5,1.09
Escanaba,Spring Fyke Net,2013,16.6,1,NA,NA
Escanaba,Spring Fyke Net,2013,12,1,3,0.48
Escanaba,Spring Fyke Net,2013,17.9,2,NA,NA
Escanaba,Spring Fyke Net,2013,16.6,2,NA,NA
Escanaba,Spring Fyke Net,2013,13.9,3,3,0.76
Escanaba,Spring Fyke Net,2013,16,3,6,1.45
Escanaba,Spring Fyke Net,2013,17.5,2,8,1.45
Escanaba,Spring Fyke Net,2013,12.2,1,3,0.51
Escanaba,Spring Fyke Net,2013,14.1,1,4,0.83
Escanaba,Spring Fyke Net,2013,14.1,1,NA,NA
Escanaba,Spring Fyke Net,2013,15.5,1,7,1.1
Escanaba,Spring Fyke Net,2013,13.8,1,NA,NA
Escanaba,Spring Fyke Net,2013,16.1,1,NA,NA
Escanaba,Spring Fyke Net,2013,18.7,2,NA,NA
Escanaba,Spring Fyke Net,2013,20.6,2,10,3.23
Escanaba,Spring Fyke Net,2013,16.5,2,NA,NA
Escanaba,Spring Fyke Net,2013,17,2,NA,NA
Escanaba,Spring Fyke Net,2013,8.3,3,NA,NA
Escanaba,Spring Fyke Net,2013,15.9,2,NA,NA
Escanaba,Spring Fyke Net,2013,15.4,3,4,1.14
Escanaba,Spring Fyke Net,2013,15.5,1,NA,NA
Escanaba,Spring Fyke Net,2013,13.9,1,NA,NA
Escanaba,Spring Fyke Net,2013,13.4,1,NA,NA
Escanaba,Spring Fyke Net,2013,16.2,1,NA,NA
Escanaba,Spring Fyke Net,2013,17.3,2,NA,NA
Escanaba,Spring Fyke Net,2013,18.1,2,8,1.63
Escanaba,Spring Fyke Net,2013,16.3,1,8,1.23
Escanaba,Spring Fyke Net,2013,15.9,2,NA,NA
Escanaba,Spring Fyke Net,2013,14.9,2,NA,NA
Escanaba,Spring Fyke Net,2013,13,1,NA,NA
Escanaba,Spring Fyke Net,2013,11.7,1,3,0.37
Escanaba,Spring Fyke Net,2013,16.3,1,7,1.3
Escanaba,Spring Fyke Net,2013,15.8,2,8,1.25
Escanaba,Spring Fyke Net,2013,15.7,2,NA,NA
Escanaba,Spring Fyke Net,2013,16.6,2,8,1.28
Escanaba,Spring Fyke Net,2013,15.2,1,8,1.11
Escanaba,Spring Fyke Net,2013,15,1,NA,NA
Escanaba,Spring Fyke Net,2013,13.5,1,NA,NA
Escanaba,Spring Fyke Net,2013,21.8,2,NA,NA
Escanaba,Spring Fyke Net,2013,19.2,2,7,2.16
Escanaba,Spring Fyke Net,2013,14.1,1,NA,NA
Escanaba,Spring Fyke Net,2013,17.6,1,9,1.55
Escanaba,Spring Fyke Net,2013,22.5,2,11,3.68
Escanaba,Spring Fyke Net,2013,22.4,2,10,3.07
Escanaba,Spring Fyke Net,2013,17.2,2,10,1.51
Escanaba,Spring Fyke Net,2013,16.8,2,NA,NA
Escanaba,Spring Fyke Net,2013,13.6,1,3,0.73
Escanaba,Spring Fyke Net,2013,16.4,2,NA,NA
Escanaba,Spring Fyke Net,2013,12.5,1,NA,NA
Escanaba,Spring Fyke Net,2013,16.8,2,NA,NA
Escanaba,Spring Fyke Net,2013,16.2,1,NA,NA
Escanaba,Spring Fyke Net,2013,16.1,1,NA,NA
Escanaba,Spring Fyke Net,2013,14.6,1,NA,NA
Escanaba,Spring Fyke Net,2013,15,2,NA,NA
Escanaba,Spring Fyke Net,2013,16.8,2,7,1.3
Escanaba,Spring Fyke Net,2013,20,2,NA,NA
Escanaba,Spring Fyke Net,2013,15.2,1,NA,NA
Escanaba,Spring Fyke Net,2013,17.1,1,8,1.37
Escanaba,Spring Fyke Net,2013,18.1,2,NA,NA
Escanaba,Spring Fyke Net,2013,19.8,2,9,2.16
Escanaba,Spring Fyke Net,2013,16.2,2,9,1.24
Escanaba,Spring Fyke Net,2013,13.4,1,NA,NA
Escanaba,Spring Fyke Net,2013,13.7,1,NA,NA
Escanaba,Spring Fyke Net,2013,14.6,1,NA,NA
Escanaba,Spring Fyke Net,2013,14.6,1,NA,NA
Escanaba,Spring Fyke Net,2013,13.6,1,NA,NA
Escanaba,Spring Fyke Net,2013,14.5,1,5,0.95
Escanaba,Spring Fyke Net,2013,12.3,1,3,0.55
Escanaba,Spring Fyke Net,2013,20.7,2,NA,NA
Escanaba,Spring Fyke Net,2013,14.2,1,NA,NA
Escanaba,Spring Fyke Net,2013,13.5,1,NA,NA
Escanaba,Spring Fyke Net,2013,19.6,2,NA,NA
Escanaba,Spring Fyke Net,2013,16.9,2,7,1.42
Escanaba,Spring Fyke Net,2013,16.2,3,5,1.24
Escanaba,Spring Fyke Net,2013,14.6,2,4,0.85
Escanaba,Spring Fyke Net,2013,14.4,1,NA,NA
Escanaba,Spring Fyke Net,2013,14.8,1,NA,NA
Escanaba,Spring Fyke Net,2013,16,1,NA,NA
Escanaba,Spring Fyke Net,2013,22.3,2,10,2.95
Escanaba,Spring Fyke Net,2013,17.3,1,7,1.46
Escanaba,Spring Fyke Net,2013,19.1,2,NA,NA
Escanaba,Spring Fyke Net,2013,16.3,1,NA,NA
Escanaba,Spring Fyke Net,2013,17.1,2,NA,NA
Escanaba,Spring Fyke Net,2013,17.2,2,NA,NA
Escanaba,Spring Fyke Net,2013,15.5,1,NA,NA
Escanaba,Spring Fyke Net,2013,19.2,2,NA,NA
Escanaba,Spring Fyke Net,2013,16.5,2,NA,NA
Escanaba,Spring Fyke Net,2013,24,2,13,4.05
Escanaba,Spring Fyke Net,2013,15.5,1,8,1.18
Escanaba,Spring Fyke Net,2013,16.2,2,8,1.12
Escanaba,Spring Fyke Net,2013,15.2,2,5,1.05
Escanaba,Spring Fyke Net,2013,16.7,2,NA,NA
Escanaba,Spring Fyke Net,2013,13,1,3,0.63
Escanaba,Spring Fyke Net,2013,20,2,8,2.58
Escanaba,Spring Fyke Net,2013,15,1,5,1.01
Escanaba,Spring Fyke Net,2013,18.2,2,7,1.68
Escanaba,Spring Fyke Net,2013,18.1,3,6,1.74
Escanaba,Spring Fyke Net,2013,19.3,2,NA,NA
Escanaba,Spring Fyke Net,2013,18.8,2,7,2.01
Escanaba,Spring Fyke Net,2013,13.2,1,NA,NA
Escanaba,Spring Fyke Net,2013,15.4,2,8,1.25
Escanaba,Spring Fyke Net,2013,15.2,1,NA,NA
Escanaba,Spring Fyke Net,2013,15.5,2,5,0.95
Escanaba,Spring Fyke Net,2013,13.9,1,NA,NA
Escanaba,Spring Fyke Net,2013,17,2,10,1.25
Escanaba,Spring Fyke Net,2013,14.3,1,NA,NA
Escanaba,Spring Fyke Net,2013,15.7,1,NA,NA
Escanaba,Spring Fyke Net,2013,14.5,1,NA,NA
Escanaba,Spring Fyke Net,2013,16.9,2,7,1.35
Escanaba,Spring Fyke Net,2013,17.8,2,8,1.54
Escanaba,Spring Fyke Net,2013,16.8,2,NA,NA
Escanaba,Spring Fyke Net,2013,16.7,2,NA,NA
Escanaba,Spring Fyke Net,2013,20.9,2,NA,NA
Escanaba,Spring Fyke Net,2013,17.9,1,7,1.64
Escanaba,Spring Fyke Net,2013,19.9,2,NA,NA
Escanaba,Spring Fyke Net,2013,14.9,1,NA,NA
Escanaba,Spring Fyke Net,2013,14.2,1,4,0.85
Escanaba,Spring Fyke Net,2013,20.8,2,9,2.24
Escanaba,Spring Fyke Net,2013,19.2,2,NA,NA
Escanaba,Spring Fyke Net,2013,17.6,2,7,1.59
Escanaba,Spring Fyke Net,2013,19.1,2,NA,NA
Escanaba,Spring Fyke Net,2013,12.8,1,4,0.56
Escanaba,Spring Fyke Net,2013,11.1,1,NA,NA
Escanaba,Spring Fyke Net,2013,13.5,1,5,0.73
Escanaba,Spring Fyke Net,2013,22.2,2,12,3.67
Escanaba,Spring Fyke Net,2013,12.7,1,NA,NA
Escanaba,Spring Fyke Net,2013,16.9,1,14,1.29
Escanaba,Spring Fyke Net,2013,18.8,2,8,1.84
Escanaba,Spring Fyke Net,2013,17.3,1,11,1.38
Escanaba,Spring Fyke Net,2013,13.2,3,3,0.67
Escanaba,Spring Fyke Net,2013,12.6,1,NA,NA
Escanaba,Spring Fyke Net,2013,16.9,1,7,1.37
Escanaba,Spring Fyke Net,2013,17.5,2,10,1.72
Escanaba,Spring Fyke Net,2013,14.9,1,NA,NA
Escanaba,Spring Fyke Net,2013,15.3,1,NA,NA
Escanaba,Spring Fyke Net,2013,18.2,1,12,1.86
Escanaba,Spring Fyke Net,2013,19,2,9,1.98
Escanaba,Spring Fyke Net,2013,14.4,1,NA,NA
Escanaba,Spring Fyke Net,2013,12.2,1,NA,NA
Escanaba,Spring Fyke Net,2013,20.9,2,NA,NA
Escanaba,Spring Fyke Net,2013,16.5,2,NA,NA
Escanaba,Spring Fyke Net,2013,20.9,2,NA,NA
Escanaba,Spring Fyke Net,2013,12.4,3,3,0.53
Escanaba,Spring Fyke Net,2013,16.2,2,NA,NA
Escanaba,Spring Fyke Net,2013,12.3,1,NA,NA
Escanaba,Spring Fyke Net,2013,11.9,1,3,0.48
Escanaba,Spring Fyke Net,2013,16.6,1,NA,NA
Escanaba,Spring Fyke Net,2013,19.1,2,11,2.58
Escanaba,Spring Fyke Net,2013,15.8,1,NA,NA
Escanaba,Spring Fyke Net,2013,14.4,1,NA,NA
Escanaba,Spring Fyke Net,2013,11.5,3,3,0.47
Escanaba,Spring Fyke Net,2013,12.1,1,3,0.46
Escanaba,Spring Fyke Net,2013,11.8,3,3,0.46
Escanaba,Spring Fyke Net,2013,16.6,2,NA,NA
Escanaba,Spring Fyke Net,2013,20.7,2,11,2.71
Escanaba,Spring Fyke Net,2013,15.2,1,NA,NA
Escanaba,Spring Fyke Net,2013,16.5,2,NA,NA
Escanaba,Spring Fyke Net,2013,19.4,2,8,2.24
Escanaba,Spring Fyke Net,2013,24.8,2,11,4.88
Escanaba,Spring Fyke Net,2013,14.8,1,NA,NA
Escanaba,Spring Fyke Net,2013,14.7,1,NA,NA
Escanaba,Spring Fyke Net,2013,11.4,1,NA,NA
Escanaba,Spring Fyke Net,2013,12.1,1,3,0.51
Escanaba,Spring Fyke Net,2013,18,2,8,2.12
Escanaba,Spring Fyke Net,2013,14.8,1,6,0.87
Escanaba,Spring Fyke Net,2013,16,2,NA,NA
Escanaba,Spring Fyke Net,2013,17.3,2,NA,NA
Escanaba,Spring Fyke Net,2013,15.5,1,NA,NA
Escanaba,Spring Fyke Net,2013,13,1,NA,NA
Escanaba,Spring Fyke Net,2013,18.5,2,NA,NA
Escanaba,Spring Fyke Net,2013,20,2,NA,NA
Escanaba,Spring Fyke Net,2013,17.3,2,NA,NA
Escanaba,Spring Fyke Net,2013,13.5,3,3,0.7
Escanaba,Spring Fyke Net,2013,13.4,1,NA,NA
Escanaba,Spring Fyke Net,2013,16.8,2,5,1.4
Escanaba,Spring Fyke Net,2013,17.6,2,NA,NA
Escanaba,Spring Fyke Net,2013,16.1,2,NA,NA
Escanaba,Spring Fyke Net,2013,11.6,3,3,0.43
Escanaba,Spring Fyke Net,2013,16.9,2,NA,NA
Escanaba,Spring Fyke Net,2013,17.4,1,NA,NA
Escanaba,Spring Fyke Net,2013,14.1,1,NA,NA
Escanaba,Spring Fyke Net,2013,15.2,3,7,1.02
Escanaba,Spring Fyke Net,2013,13,1,NA,NA
Escanaba,Spring Fyke Net,2013,13.4,1,NA,NA
Escanaba,Spring Fyke Net,2013,16.4,3,NA,NA
Escanaba,Spring Fyke Net,2013,20.3,2,NA,NA
Escanaba,Spring Fyke Net,2013,17.5,2,NA,NA
Escanaba,Spring Fyke Net,2013,13.3,1,NA,NA
Escanaba,Spring Fyke Net,2013,12.1,1,NA,NA
Escanaba,Spring Fyke Net,2013,13.4,1,NA,NA
Escanaba,Spring Fyke Net,2013,19.2,2,NA,NA
Escanaba,Spring Fyke Net,2013,19.1,2,NA,NA
Escanaba,Spring Fyke Net,2013,14.6,1,NA,NA
Escanaba,Spring Fyke Net,2013,19.9,2,NA,NA
Escanaba,Spring Fyke Net,2013,16.5,1,8,1.32
Escanaba,Spring Fyke Net,2013,18.6,3,7,2.35
Escanaba,Spring Fyke Net,2013,15.7,1,NA,NA
Escanaba,Spring Fyke Net,2013,19.3,2,8,1.93
Escanaba,Spring Fyke Net,2013,14.3,1,NA,NA
Escanaba,Spring Fyke Net,2013,19.1,2,NA,NA
Escanaba,Spring Fyke Net,2013,15.7,1,NA,NA
Escanaba,Spring Fyke Net,2014,14.4,1,NA,NA
Escanaba,Spring Fyke Net,2014,17.6,1,NA,NA
Escanaba,Spring Fyke Net,2014,15,1,NA,NA
Escanaba,Spring Fyke Net,2014,19.7,1,8,2.23
Escanaba,Spring Fyke Net,2014,15.3,1,NA,NA
Escanaba,Spring Fyke Net,2014,22.7,2,13,3.95
Escanaba,Spring Fyke Net,2014,17,2,8,1.47
Escanaba,Spring Fyke Net,2014,14.5,2,4,0.91
Escanaba,Spring Fyke Net,2014,15.8,2,4,1.18
Escanaba,Spring Fyke Net,2014,20.3,2,NA,NA
Escanaba,Spring Fyke Net,2014,23.6,2,10,4.11
Escanaba,Spring Fyke Net,2014,16.8,2,NA,NA
Escanaba,Spring Fyke Net,2014,16.8,2,NA,NA
Escanaba,Spring Fyke Net,2014,16.7,1,NA,NA
Escanaba,Spring Fyke Net,2014,18.1,2,7,1.69
Escanaba,Spring Fyke Net,2014,16,2,NA,NA
Escanaba,Spring Fyke Net,2014,15.9,1,NA,NA
Escanaba,Spring Fyke Net,2014,14.8,1,NA,NA
Escanaba,Spring Fyke Net,2014,17.9,2,NA,NA
Escanaba,Spring Fyke Net,2014,15.4,1,NA,NA
Escanaba,Spring Fyke Net,2014,18.2,2,NA,NA
Escanaba,Spring Fyke Net,2014,18.5,2,NA,NA
Escanaba,Spring Fyke Net,2014,16.2,2,NA,NA
Escanaba,Spring Fyke Net,2014,16.3,1,NA,NA
Escanaba,Spring Fyke Net,2014,21.1,2,10,2.64
Escanaba,Spring Fyke Net,2014,23.3,2,11,3.67
Escanaba,Spring Fyke Net,2014,17.4,2,NA,NA
Escanaba,Spring Fyke Net,2014,16.6,2,NA,NA
Escanaba,Spring Fyke Net,2014,17.9,2,NA,NA
Escanaba,Spring Fyke Net,2014,17,1,NA,NA
Escanaba,Spring Fyke Net,2014,10.9,3,2,0.32
Escanaba,Spring Fyke Net,2014,16.3,1,9,1.23
Escanaba,Spring Fyke Net,2014,16.4,2,5,1.32
Escanaba,Spring Fyke Net,2014,13.6,1,NA,NA
Escanaba,Spring Fyke Net,2014,16.4,1,NA,NA
Escanaba,Spring Fyke Net,2014,16.1,1,7,1.42
Escanaba,Spring Fyke Net,2014,16.7,2,NA,NA
Escanaba,Spring Fyke Net,2014,15.1,1,NA,NA
Escanaba,Spring Fyke Net,2014,12.9,1,3,0.65
Escanaba,Spring Fyke Net,2014,17.1,2,NA,NA
Escanaba,Spring Fyke Net,2014,17.3,1,NA,NA
Escanaba,Spring Fyke Net,2014,15,1,4,0.99
Escanaba,Spring Fyke Net,2014,17.8,2,NA,NA
Escanaba,Spring Fyke Net,2014,14.5,2,4,0.96
Escanaba,Spring Fyke Net,2014,18,2,NA,NA
Escanaba,Spring Fyke Net,2014,16.9,2,NA,NA
Escanaba,Spring Fyke Net,2014,17.6,2,NA,NA
Escanaba,Spring Fyke Net,2014,14.6,1,NA,NA
Escanaba,Spring Fyke Net,2014,14.6,3,6,0.76
Escanaba,Spring Fyke Net,2014,17,1,9,1.43
Escanaba,Spring Fyke Net,2014,19,2,NA,NA
Escanaba,Spring Fyke Net,2014,14.2,1,NA,NA
Escanaba,Spring Fyke Net,2014,15.7,1,NA,NA
Escanaba,Spring Fyke Net,2014,22,2,10,2.91
Escanaba,Spring Fyke Net,2014,15.3,3,5,1.04
Escanaba,Spring Fyke Net,2014,13.8,1,NA,NA
Escanaba,Spring Fyke Net,2014,16.3,2,NA,NA
Escanaba,Spring Fyke Net,2014,18.6,2,NA,NA
Escanaba,Spring Fyke Net,2014,19.3,2,NA,NA
Escanaba,Spring Fyke Net,2014,15.6,2,NA,NA
Escanaba,Spring Fyke Net,2014,15.2,1,NA,NA
Escanaba,Spring Fyke Net,2014,16.8,1,7,1.38
Escanaba,Spring Fyke Net,2014,17.6,2,NA,NA
Escanaba,Spring Fyke Net,2014,16.9,1,NA,NA
Escanaba,Spring Fyke Net,2014,15.5,1,7,1.17
Escanaba,Spring Fyke Net,2014,16.4,2,7,1.63
Escanaba,Spring Fyke Net,2014,14.3,1,4,0.78
Escanaba,Spring Fyke Net,2014,13.3,1,5,0.7
Escanaba,Spring Fyke Net,2014,17.8,2,NA,NA
Escanaba,Spring Fyke Net,2014,14.3,1,NA,NA
Escanaba,Spring Fyke Net,2014,16.9,1,9,1.48
Escanaba,Spring Fyke Net,2014,17.2,2,NA,NA
Escanaba,Spring Fyke Net,2014,12.2,1,3,0.45
Escanaba,Spring Fyke Net,2014,16.3,2,6,1.43
Escanaba,Spring Fyke Net,2014,16.9,2,NA,NA
Escanaba,Spring Fyke Net,2014,13.1,1,3,0.72
Escanaba,Spring Fyke Net,2014,15.2,1,NA,NA
Escanaba,Spring Fyke Net,2014,14.5,1,NA,NA
Escanaba,Spring Fyke Net,2014,12.9,1,4,0.59
Escanaba,Spring Fyke Net,2014,13.2,1,NA,NA
Escanaba,Spring Fyke Net,2014,17.6,2,7,1.78
Escanaba,Spring Fyke Net,2014,17.4,2,NA,NA
Escanaba,Spring Fyke Net,2014,14.9,1,NA,NA
Escanaba,Spring Fyke Net,2014,16.2,1,NA,NA
Escanaba,Spring Fyke Net,2014,15.6,1,NA,NA
Escanaba,Spring Fyke Net,2014,16.2,2,NA,NA
Escanaba,Spring Fyke Net,2014,14.8,1,NA,NA
Escanaba,Spring Fyke Net,2014,13.9,1,5,0.76
Escanaba,Spring Fyke Net,2014,15.3,2,6,0.98
Escanaba,Spring Fyke Net,2014,18,1,8,1.58
Escanaba,Spring Fyke Net,2014,16.7,2,NA,NA
Escanaba,Spring Fyke Net,2014,18.3,2,NA,NA
Escanaba,Spring Fyke Net,2014,16.4,1,NA,NA
Escanaba,Spring Fyke Net,2014,16.1,1,NA,NA
Escanaba,Spring Fyke Net,2014,17,2,NA,NA
Escanaba,Spring Fyke Net,2014,15.7,2,NA,NA
Escanaba,Spring Fyke Net,2014,16.7,1,NA,NA
Escanaba,Spring Fyke Net,2014,18.6,2,NA,NA
Escanaba,Spring Fyke Net,2014,16.5,2,NA,NA
Escanaba,Spring Fyke Net,2014,14.4,1,NA,NA
Escanaba,Spring Fyke Net,2014,16.7,2,NA,NA
Escanaba,Spring Fyke Net,2014,16.4,1,NA,NA
Escanaba,Spring Fyke Net,2014,16.9,2,NA,NA
Escanaba,Spring Fyke Net,2014,22.7,2,NA,NA
Escanaba,Spring Fyke Net,2014,16.9,2,NA,NA
Escanaba,Spring Fyke Net,2014,16.7,2,NA,NA
Escanaba,Spring Fyke Net,2014,14.8,1,NA,NA
Escanaba,Spring Fyke Net,2014,13.5,1,NA,NA
Escanaba,Spring Fyke Net,2014,15.7,2,5,1.25
Escanaba,Spring Fyke Net,2014,14.4,3,4,0.87
Escanaba,Spring Fyke Net,2014,14.2,1,4,0.69
Escanaba,Spring Fyke Net,2014,16.8,1,NA,NA
Escanaba,Spring Fyke Net,2014,13.5,1,NA,NA
Escanaba,Spring Fyke Net,2014,19.9,2,8,3.11
Escanaba,Spring Fyke Net,2014,14.2,1,NA,NA
Escanaba,Spring Fyke Net,2014,16.3,2,NA,NA
Escanaba,Spring Fyke Net,2014,23.2,3,9,3.95
Escanaba,Spring Fyke Net,2014,16.5,2,NA,NA
Escanaba,Spring Fyke Net,2014,16.3,2,NA,NA
Escanaba,Spring Fyke Net,2014,15.3,1,NA,NA
Escanaba,Spring Fyke Net,2014,14.3,1,NA,NA
Escanaba,Spring Fyke Net,2014,14.3,1,6,0.88
Escanaba,Spring Fyke Net,2014,14.9,1,NA,NA
Escanaba,Spring Fyke Net,2014,20.7,2,9,2.88
Escanaba,Spring Fyke Net,2014,15.2,1,NA,NA
Escanaba,Spring Fyke Net,2014,18,2,8,2.01
Escanaba,Spring Fyke Net,2014,15.7,2,5,1.27
Escanaba,Spring Fyke Net,2014,16.5,1,7,1.47
Escanaba,Spring Fyke Net,2014,13.8,1,NA,NA
Escanaba,Spring Fyke Net,2014,21.5,2,12,2.8
Escanaba,Spring Fyke Net,2014,16.1,1,NA,NA
Escanaba,Spring Fyke Net,2014,16.2,2,NA,NA
Escanaba,Spring Fyke Net,2014,15.7,1,NA,NA
Escanaba,Spring Fyke Net,2014,11.2,3,2,0.34
Escanaba,Spring Fyke Net,2014,14.5,2,NA,NA
Escanaba,Spring Fyke Net,2014,17.2,3,7,1.53
Escanaba,Spring Fyke Net,2014,15.6,1,NA,NA
Escanaba,Spring Fyke Net,2014,16.9,2,NA,NA
Escanaba,Spring Fyke Net,2014,21.2,2,NA,NA
Escanaba,Spring Fyke Net,2014,15.4,1,NA,NA
Escanaba,Spring Fyke Net,2014,16.5,1,NA,NA
Escanaba,Spring Fyke Net,2014,15,1,NA,NA
Escanaba,Spring Fyke Net,2014,16.8,2,7,1.67
Escanaba,Spring Fyke Net,2014,19.9,2,9,2.31
Escanaba,Spring Fyke Net,2014,14.8,1,NA,NA
Escanaba,Spring Fyke Net,2014,16.7,2,NA,NA
Escanaba,Spring Fyke Net,2014,15.5,1,NA,NA
Escanaba,Spring Fyke Net,2014,17.1,2,NA,NA
Escanaba,Spring Fyke Net,2014,16,2,NA,NA
Escanaba,Spring Fyke Net,2014,18.9,2,NA,NA
Escanaba,Spring Fyke Net,2014,18.5,2,NA,NA
Escanaba,Spring Fyke Net,2014,16.2,2,NA,NA
Escanaba,Spring Fyke Net,2014,17.4,2,NA,NA
Escanaba,Spring Fyke Net,2014,12.7,1,3,0.63
Escanaba,Spring Fyke Net,2014,15.9,2,NA,NA
Escanaba,Spring Fyke Net,2014,13.9,1,NA,NA
Escanaba,Spring Fyke Net,2014,14.6,1,NA,NA
Escanaba,Spring Fyke Net,2014,15.2,2,4,1.11
Escanaba,Spring Fyke Net,2014,15.8,1,NA,NA
Escanaba,Spring Fyke Net,2014,15.1,1,7,1.07
Escanaba,Spring Fyke Net,2014,17.8,2,NA,NA
Escanaba,Spring Fyke Net,2014,13.2,1,4,0.63
Escanaba,Spring Fyke Net,2014,18.8,2,NA,NA
Escanaba,Spring Fyke Net,2014,22.2,2,12,3.37
Escanaba,Spring Fyke Net,2014,14,1,NA,NA
Escanaba,Spring Fyke Net,2014,17.7,2,10,1.67
Escanaba,Spring Fyke Net,2014,16,1,NA,NA
Escanaba,Spring Fyke Net,2014,15.3,1,NA,NA
Escanaba,Spring Fyke Net,2014,15.2,2,NA,NA
Escanaba,Spring Fyke Net,2014,15,1,NA,NA
Escanaba,Spring Fyke Net,2014,14.2,2,4,0.89
Escanaba,Spring Fyke Net,2014,15.8,1,NA,NA
Escanaba,Spring Fyke Net,2014,14,1,NA,NA
Escanaba,Spring Fyke Net,2014,13.1,1,NA,NA
Escanaba,Spring Fyke Net,2014,16,1,NA,NA
Escanaba,Spring Fyke Net,2014,15.9,2,NA,NA
Escanaba,Spring Fyke Net,2014,16.4,2,NA,NA
Escanaba,Spring Fyke Net,2014,14.7,1,NA,NA
Escanaba,Spring Fyke Net,2014,14.7,1,NA,NA
Escanaba,Spring Fyke Net,2014,18.1,2,NA,NA
Escanaba,Spring Fyke Net,2014,18.2,2,NA,NA
Escanaba,Spring Fyke Net,2014,16.7,3,7,1.33
Escanaba,Spring Fyke Net,2014,20.4,2,NA,NA
Escanaba,Spring Fyke Net,2014,19.6,2,NA,NA
Escanaba,Spring Fyke Net,2014,15.6,1,NA,NA
Escanaba,Spring Fyke Net,2014,19.6,2,10,2.71
Escanaba,Spring Fyke Net,2014,14.8,2,4,1.05
Escanaba,Spring Fyke Net,2014,21.6,2,10,3.21
Escanaba,Spring Fyke Net,2014,15.8,2,5,1.06
Escanaba,Spring Fyke Net,2014,15.6,2,NA,NA
Escanaba,Spring Fyke Net,2014,14.7,1,NA,NA
Escanaba,Spring Fyke Net,2014,16.6,2,NA,NA
Escanaba,Spring Fyke Net,2014,14.7,1,6,0.93
Escanaba,Spring Fyke Net,2014,14.6,1,NA,NA
Escanaba,Spring Fyke Net,2014,18.7,2,NA,NA
Escanaba,Spring Fyke Net,2014,16.6,2,NA,NA
Escanaba,Spring Fyke Net,2014,16.4,2,9,1.48
Escanaba,Spring Fyke Net,2014,20.8,2,NA,NA
Escanaba,Spring Fyke Net,2014,19.2,2,NA,NA
Escanaba,Spring Fyke Net,2014,15.4,3,5,0.98
Escanaba,Spring Fyke Net,2014,15.9,2,NA,NA
Escanaba,Spring Fyke Net,2014,14.3,1,NA,NA
Escanaba,Spring Fyke Net,2014,15,3,4,1.04
Escanaba,Spring Fyke Net,2014,14.1,1,NA,NA
Escanaba,Spring Fyke Net,2014,14.5,1,NA,NA
Escanaba,Spring Fyke Net,2014,18.8,2,NA,NA
Escanaba,Spring Fyke Net,2014,19.9,2,NA,NA
Escanaba,Spring Fyke Net,2014,14.6,1,NA,NA
Escanaba,Spring Fyke Net,2014,16,1,NA,NA
Escanaba,Spring Fyke Net,2014,18,1,NA,NA
Escanaba,Spring Fyke Net,2014,12.2,1,3,0.48
Escanaba,Spring Fyke Net,2014,15.1,1,NA,NA
Escanaba,Spring Fyke Net,2014,15.9,1,NA,NA
Escanaba,Spring Fyke Net,2014,17.8,1,12,1.76
Escanaba,Spring Fyke Net,2014,16.1,1,NA,NA
Escanaba,Spring Fyke Net,2014,16.5,3,6,1.36
Escanaba,Spring Fyke Net,2014,17.2,1,NA,NA
Escanaba,Spring Fyke Net,2014,17.5,2,NA,NA
Escanaba,Spring Fyke Net,2014,16.2,2,NA,NA
Escanaba,Spring Fyke Net,2014,15,1,4,1.01
Escanaba,Spring Fyke Net,2014,15.4,2,NA,NA
Escanaba,Spring Fyke Net,2014,13.5,1,NA,NA
Escanaba,Spring Fyke Net,2014,18.7,2,NA,NA
Escanaba,Spring Fyke Net,2014,16.7,2,NA,NA
Escanaba,Spring Fyke Net,2014,14.3,1,NA,NA
Escanaba,Spring Fyke Net,2014,17.4,2,NA,NA
Escanaba,Spring Fyke Net,2014,16.7,1,NA,NA
Escanaba,Spring Fyke Net,2014,17.2,1,NA,NA
Escanaba,Spring Fyke Net,2014,14.8,1,NA,NA
Escanaba,Spring Fyke Net,2014,15.9,1,NA,NA
Escanaba,Spring Fyke Net,2014,16.3,2,NA,NA
Escanaba,Spring Fyke Net,2014,18,1,8,1.59
Escanaba,Spring Fyke Net,2014,19.8,2,NA,NA
Escanaba,Spring Fyke Net,2014,17.1,2,6,1.48
Escanaba,Spring Fyke Net,2014,16.1,1,NA,NA
Escanaba,Spring Fyke Net,2014,13.7,1,NA,NA
Escanaba,Spring Fyke Net,2014,14.8,1,NA,NA
Escanaba,Spring Fyke Net,2014,15.2,1,NA,NA
Escanaba,Spring Fyke Net,2014,16.1,2,NA,NA
Escanaba,Spring Fyke Net,2014,15.2,1,NA,NA
Escanaba,Spring Fyke Net,2014,17.4,2,NA,NA
Escanaba,Spring Fyke Net,2014,24.3,2,15,5.5
Escanaba,Spring Fyke Net,2014,16.3,2,NA,NA
Escanaba,Spring Fyke Net,2014,16.6,2,NA,NA
Escanaba,Spring Fyke Net,2014,14.7,1,NA,NA
Escanaba,Spring Fyke Net,2014,17,2,NA,NA
Escanaba,Spring Fyke Net,2014,16.9,2,NA,NA
Escanaba,Spring Fyke Net,2014,15.1,2,NA,NA
Escanaba,Spring Fyke Net,2014,16.4,2,NA,NA
Escanaba,Spring Fyke Net,2014,15.6,1,NA,NA
Escanaba,Spring Fyke Net,2014,16.5,2,NA,NA
Escanaba,Spring Fyke Net,2014,15.2,3,5,1.08
Escanaba,Spring Fyke Net,2014,19.1,2,9,2.12
Escanaba,Spring Fyke Net,2014,13.7,1,NA,NA
Escanaba,Spring Fyke Net,2014,13.1,3,3,0.6
Escanaba,Spring Fyke Net,2014,14,1,NA,NA
Escanaba,Spring Fyke Net,2014,16,1,NA,NA
Escanaba,Spring Fyke Net,2014,14.5,1,NA,NA
Escanaba,Spring Fyke Net,2014,18.1,2,NA,NA
Escanaba,Spring Fyke Net,2014,14.5,1,4,0.9
Escanaba,Spring Fyke Net,2014,14.8,1,6,1.03
Escanaba,Spring Fyke Net,2014,16.1,2,NA,NA
Escanaba,Spring Fyke Net,2014,11.4,3,2,0.42
Escanaba,Spring Fyke Net,2014,18.4,2,NA,NA
Escanaba,Spring Fyke Net,2014,16.9,2,NA,NA
Escanaba,Spring Fyke Net,2014,15.9,1,NA,NA
Escanaba,Spring Fyke Net,2014,14.9,1,NA,NA
Escanaba,Spring Fyke Net,2014,19.1,2,NA,NA
Escanaba,Spring Fyke Net,2014,15.1,2,5,0.92
Escanaba,Spring Fyke Net,2014,16.2,2,NA,NA
Escanaba,Spring Fyke Net,2014,18.5,2,NA,NA
Escanaba,Spring Fyke Net,2014,14.4,1,NA,NA
Escanaba,Spring Fyke Net,2014,14.6,1,NA,NA
Escanaba,Spring Fyke Net,2014,15.1,1,5,1.04
Escanaba,Spring Fyke Net,2014,14.5,2,NA,NA
Escanaba,Spring Fyke Net,2014,21,2,12,3.51
Escanaba,Spring Fyke Net,2014,13.8,2,4,0.82
Escanaba,Spring Fyke Net,2014,16,1,NA,NA
Escanaba,Spring Fyke Net,2014,22.7,2,13,4.43
Escanaba,Spring Fyke Net,2014,18.7,2,9,1.92
Escanaba,Spring Fyke Net,2014,21.9,2,10,3.35
Escanaba,Spring Fyke Net,2014,19.8,2,NA,NA
Escanaba,Spring Fyke Net,2014,16.8,2,NA,NA
Escanaba,Spring Fyke Net,2014,16.7,1,NA,NA
Escanaba,Spring Fyke Net,2014,18.4,1,12,1.94
Escanaba,Spring Fyke Net,2014,18.1,2,NA,NA
Escanaba,Spring Fyke Net,2014,14.7,1,6,0.92
Escanaba,Spring Fyke Net,2014,16.2,2,7,1.25
Escanaba,Spring Fyke Net,2014,16,1,NA,NA
Escanaba,Spring Fyke Net,2014,14.9,1,NA,NA
Escanaba,Spring Fyke Net,2014,15,1,NA,NA
Escanaba,Spring Fyke Net,2014,18.6,2,NA,NA
Escanaba,Spring Fyke Net,2014,16.5,1,9,1.37
Escanaba,Spring Fyke Net,2014,15.4,2,NA,NA
Escanaba,Spring Fyke Net,2014,13.9,1,NA,NA
Escanaba,Spring Fyke Net,2014,15.9,1,NA,NA
Escanaba,Spring Fyke Net,2014,14.3,1,NA,NA
Escanaba,Spring Fyke Net,2014,15.6,2,NA,NA
Escanaba,Spring Fyke Net,2014,19.3,2,7,2.26
Escanaba,Spring Fyke Net,2014,15.9,1,8,1.14
Escanaba,Spring Fyke Net,2014,15.8,1,NA,NA
Escanaba,Spring Fyke Net,2014,13.3,2,4,0.66
Escanaba,Spring Fyke Net,2014,16.1,1,7,1.31
Escanaba,Spring Fyke Net,2014,13.2,1,NA,NA
Escanaba,Spring Fyke Net,2014,18.8,1,8,1.97
Escanaba,Spring Fyke Net,2014,14.5,1,NA,NA
Escanaba,Spring Fyke Net,2014,16,1,NA,NA
Escanaba,Spring Fyke Net,2014,15.3,1,NA,NA
Escanaba,Spring Fyke Net,2014,21.2,2,12,3.15
Escanaba,Spring Fyke Net,2014,14.7,1,NA,NA
Escanaba,Spring Fyke Net,2014,14.2,1,NA,NA
Escanaba,Spring Fyke Net,2014,20.6,2,NA,NA
Escanaba,Spring Fyke Net,2014,15.8,2,NA,NA
Escanaba,Spring Fyke Net,2014,14.5,1,NA,NA
Escanaba,Spring Fyke Net,2014,18.7,2,7,1.9
Escanaba,Spring Fyke Net,2014,16.7,2,NA,NA
Escanaba,Spring Fyke Net,2014,15,1,NA,NA
Escanaba,Spring Fyke Net,2014,17.4,1,NA,NA
Escanaba,Spring Fyke Net,2014,17.2,2,5,1.59
Escanaba,Spring Fyke Net,2014,15.6,1,NA,NA
Escanaba,Spring Fyke Net,2014,18.2,2,NA,NA
Escanaba,Spring Fyke Net,2014,17.2,2,NA,NA
Escanaba,Spring Fyke Net,2014,18.7,2,10,2.26
Escanaba,Spring Fyke Net,2014,13.1,1,4,0.71
Escanaba,Spring Fyke Net,2014,17.4,1,NA,NA
Escanaba,Spring Fyke Net,2014,16.4,2,NA,NA
Escanaba,Spring Fyke Net,2014,17.3,1,7,1.82
Escanaba,Spring Fyke Net,2014,13.3,1,NA,NA
Escanaba,Spring Fyke Net,2014,15,1,NA,NA
Escanaba,Spring Fyke Net,2014,15.4,1,NA,NA
Escanaba,Spring Fyke Net,2014,22.2,2,12,3.52
Escanaba,Spring Fyke Net,2014,15.7,1,NA,NA
Escanaba,Spring Fyke Net,2014,13.7,1,NA,NA
Escanaba,Spring Fyke Net,2014,13.3,1,5,0.68
Escanaba,Spring Fyke Net,2014,17,1,8,1.32
Escanaba,Spring Fyke Net,2014,20.4,2,NA,NA
Escanaba,Spring Fyke Net,2014,17.3,2,NA,NA
Escanaba,Spring Fyke Net,2014,16.7,2,6,1.5
Escanaba,Spring Fyke Net,2014,13.7,1,NA,NA
Escanaba,Spring Fyke Net,2014,13.1,1,NA,NA
Escanaba,Spring Fyke Net,2014,20.8,2,11,3
Escanaba,Spring Fyke Net,2014,21.3,2,NA,NA
Escanaba,Spring Fyke Net,2014,16,1,NA,NA
Escanaba,Spring Fyke Net,2014,14.7,1,NA,NA
Escanaba,Spring Fyke Net,2014,16.5,1,NA,NA
Escanaba,Spring Fyke Net,2014,20,2,8,2.44
Escanaba,Spring Fyke Net,2014,15,1,NA,NA
Escanaba,Spring Fyke Net,2014,19,2,7,2.31
Escanaba,Spring Fyke Net,2014,16.2,2,NA,NA
Escanaba,Spring Fyke Net,2014,16.5,2,NA,NA
Escanaba,Spring Fyke Net,2014,17.4,1,NA,NA
Escanaba,Spring Fyke Net,2014,14.5,1,NA,NA
Escanaba,Spring Fyke Net,2014,13.3,2,4,0.64
Escanaba,Spring Fyke Net,2014,15.1,2,NA,NA
Escanaba,Spring Fyke Net,2014,18.1,2,NA,NA
Escanaba,Spring Fyke Net,2014,14.4,1,NA,NA
Escanaba,Spring Fyke Net,2014,17,2,7,1.34
Escanaba,Spring Fyke Net,2014,17.4,2,NA,NA
Escanaba,Spring Fyke Net,2014,17.4,2,NA,NA
Escanaba,Spring Fyke Net,2014,15.8,1,5,1.18
Escanaba,Spring Fyke Net,2014,16.1,2,NA,NA
Escanaba,Spring Fyke Net,2014,15.3,1,NA,NA
Escanaba,Spring Fyke Net,2014,17.6,2,NA,NA
Escanaba,Spring Fyke Net,2014,15.7,1,5,1.07
Escanaba,Spring Fyke Net,2014,14.7,2,4,0.96
Escanaba,Spring Fyke Net,2014,20.1,2,NA,NA
Escanaba,Spring Fyke Net,2014,16.4,2,NA,NA
Escanaba,Spring Fyke Net,2014,18.6,2,NA,NA
Escanaba,Spring Fyke Net,2014,21.2,2,10,3.11
Escanaba,Spring Fyke Net,2014,17.8,2,NA,NA
Escanaba,Spring Fyke Net,2014,16.9,2,NA,NA
Escanaba,Spring Fyke Net,2014,20.7,2,NA,NA
Escanaba,Spring Fyke Net,2014,16.7,2,NA,NA
Escanaba,Spring Fyke Net,2014,19.5,2,NA,NA
Escanaba,Spring Fyke Net,2014,18.5,2,NA,NA
Escanaba,Spring Fyke Net,2014,15,2,5,1.16
Escanaba,Spring Fyke Net,2014,18.4,2,6,2.09
Escanaba,Spring Fyke Net,2014,16.3,1,NA,NA
Escanaba,Spring Fyke Net,2014,19.8,2,NA,NA
Escanaba,Spring Fyke Net,2014,17.1,2,NA,NA
Escanaba,Spring Fyke Net,2014,14.8,1,5,0.91
Escanaba,Spring Fyke Net,2014,16.1,1,NA,NA
Escanaba,Spring Fyke Net,2014,16.4,3,5,1.31
Escanaba,Spring Fyke Net,2014,15.7,2,NA,NA
Escanaba,Spring Fyke Net,2014,18.2,2,NA,NA
Escanaba,Spring Fyke Net,2014,17.5,2,NA,NA
Escanaba,Spring Fyke Net,2014,16.3,1,NA,NA
Escanaba,Spring Fyke Net,2014,14.8,1,NA,NA
Escanaba,Spring Fyke Net,2014,18.4,2,NA,NA
Escanaba,Spring Fyke Net,2014,15.1,1,NA,NA
Escanaba,Spring Fyke Net,2014,13.5,1,4,0.73
Escanaba,Spring Fyke Net,2014,16.5,1,NA,NA
Escanaba,Spring Fyke Net,2014,18.1,1,10,1.83
Escanaba,Spring Fyke Net,2014,18.3,3,8,1.81
Escanaba,Spring Fyke Net,2014,19.7,2,NA,NA
Escanaba,Spring Fyke Net,2014,15.7,1,NA,NA
Escanaba,Spring Fyke Net,2014,17.1,3,6,1.66
Escanaba,Spring Fyke Net,2014,16.4,1,NA,NA
Escanaba,Spring Fyke Net,2014,20.4,2,6,2.45
Escanaba,Spring Fyke Net,2014,16.7,1,7,1.41
Escanaba,Spring Fyke Net,2014,16.6,2,NA,NA
Escanaba,Spring Fyke Net,2014,13.7,1,NA,NA
Escanaba,Spring Fyke Net,2014,15.1,2,NA,NA
Escanaba,Spring Fyke Net,2014,15.8,2,NA,NA
Escanaba,Spring Fyke Net,2014,14.7,1,NA,NA
Escanaba,Spring Fyke Net,2014,20.8,2,12,2.96
Escanaba,Spring Fyke Net,2014,18.3,2,NA,NA
Escanaba,Spring Fyke Net,2014,17.5,2,7,1.8
Escanaba,Spring Fyke Net,2014,16.8,1,NA,NA
Escanaba,Spring Fyke Net,2014,17.2,3,7,1.41
Escanaba,Spring Fyke Net,2014,21.9,2,9,3.83
Escanaba,Spring Fyke Net,2014,21.6,3,10,3.67
Escanaba,Spring Fyke Net,2014,13.9,1,NA,NA
Escanaba,Spring Fyke Net,2014,14.8,1,NA,NA
Escanaba,Spring Fyke Net,2014,10.2,3,NA,NA
Escanaba,Spring Fyke Net,2014,19.1,2,NA,NA
Escanaba,Spring Fyke Net,2014,13.5,1,NA,NA
Escanaba,Spring Fyke Net,2014,14.5,1,NA,NA
Escanaba,Spring Fyke Net,2014,13.8,1,NA,NA
Escanaba,Spring Fyke Net,2014,15,1,NA,NA
Escanaba,Spring Fyke Net,2014,14.9,1,NA,NA
Escanaba,Spring Fyke Net,2014,17.4,2,NA,NA
Escanaba,Spring Fyke Net,2014,21.1,2,NA,NA
Escanaba,Spring Fyke Net,2014,17.2,2,NA,NA
Escanaba,Spring Fyke Net,2014,14.4,2,4,1.03
Escanaba,Spring Fyke Net,2014,17.7,2,NA,NA
Escanaba,Spring Fyke Net,2014,11.5,3,2,0.45
Escanaba,Spring Fyke Net,2014,14.7,1,NA,NA
Escanaba,Spring Fyke Net,2014,18.3,1,8,1.58
Escanaba,Spring Fyke Net,2014,20.2,2,8,2.35
Escanaba,Spring Fyke Net,2014,16.6,1,NA,NA
Escanaba,Spring Fyke Net,2014,23.2,2,10,3.82
Escanaba,Spring Fyke Net,2014,14.2,1,4,0.84
Escanaba,Spring Fyke Net,2014,14.8,1,NA,NA
Escanaba,Spring Fyke Net,2014,16.1,1,NA,NA
Escanaba,Spring Fyke Net,2014,18,2,NA,NA
Escanaba,Spring Fyke Net,2014,18.2,2,NA,NA
Escanaba,Spring Fyke Net,2014,18.7,2,NA,NA
Escanaba,Spring Fyke Net,2014,16.2,1,NA,NA
Escanaba,Spring Fyke Net,2014,16.8,2,NA,NA
Escanaba,Spring Fyke Net,2014,17.8,2,NA,NA
Escanaba,Spring Fyke Net,2014,17.4,1,NA,NA
Escanaba,Spring Fyke Net,2014,15.3,1,NA,NA
Escanaba,Spring Fyke Net,2014,14.9,1,NA,NA
Escanaba,Spring Fyke Net,2014,16.5,2,NA,NA
Escanaba,Spring Fyke Net,2014,17,2,NA,NA
Escanaba,Spring Fyke Net,2014,14.3,1,4,0.82
Escanaba,Spring Fyke Net,2014,18.6,2,NA,NA
Escanaba,Spring Fyke Net,2014,12.8,1,4,0.69
Escanaba,Spring Fyke Net,2014,15.6,1,NA,NA
Escanaba,Spring Fyke Net,2014,16.2,1,NA,NA
Escanaba,Spring Fyke Net,2014,18.2,2,7,2.06
Escanaba,Spring Fyke Net,2014,16.1,2,NA,NA
Escanaba,Spring Fyke Net,2014,15.8,1,5,1.35
Escanaba,Spring Fyke Net,2014,16.1,1,11,1.23
Escanaba,Spring Fyke Net,2014,16.6,2,NA,NA
Escanaba,Spring Fyke Net,2014,15.3,1,NA,NA
Escanaba,Spring Fyke Net,2014,17.5,2,NA,NA
Escanaba,Spring Fyke Net,2014,20.3,2,NA,NA
Escanaba,Spring Fyke Net,2014,14.8,1,NA,NA
Escanaba,Spring Fyke Net,2014,13.7,1,4,0.75
Escanaba,Spring Fyke Net,2014,14.9,1,NA,NA
Escanaba,Spring Fyke Net,2014,15.9,1,NA,NA
Escanaba,Spring Fyke Net,2014,15.8,2,NA,NA
Escanaba,Spring Fyke Net,2014,17.1,2,NA,NA
Escanaba,Spring Fyke Net,2014,17,1,15,1.46
Escanaba,Spring Fyke Net,2014,17.8,3,7,1.85
Escanaba,Spring Fyke Net,2014,14.1,1,NA,NA
Escanaba,Spring Fyke Net,2014,12.1,3,2,0.51
Escanaba,Spring Fyke Net,2014,20.4,2,NA,NA
Escanaba,Spring Fyke Net,2014,14.3,1,NA,NA
Escanaba,Spring Fyke Net,2014,13.5,1,4,0.74
Escanaba,Spring Fyke Net,2014,20.8,2,8,2.48
Escanaba,Spring Fyke Net,2014,18.2,2,9,2
Escanaba,Spring Fyke Net,2014,16.7,2,NA,NA
Escanaba,Spring Fyke Net,2014,15.7,1,NA,NA
Escanaba,Spring Fyke Net,2014,21.6,2,13,2.91
Escanaba,Spring Fyke Net,2014,12.9,1,NA,NA
Escanaba,Spring Fyke Net,2014,14.2,1,NA,NA
Escanaba,Spring Fyke Net,2014,15.4,1,NA,NA
Escanaba,Spring Fyke Net,2014,16.3,2,NA,NA
Escanaba,Spring Fyke Net,2014,20.3,2,NA,NA
Escanaba,Spring Fyke Net,2014,17.8,2,6,1.91
Escanaba,Spring Fyke Net,2014,19,2,NA,NA
Escanaba,Spring Fyke Net,2014,18.1,2,NA,NA
Escanaba,Spring Fyke Net,2014,15.3,1,NA,NA
Escanaba,Spring Fyke Net,2014,14.2,1,NA,NA
Escanaba,Spring Fyke Net,2014,18.9,2,NA,NA
Escanaba,Spring Fyke Net,2014,15.6,2,NA,NA
Escanaba,Spring Fyke Net,2014,16.3,1,NA,NA
Escanaba,Spring Fyke Net,2014,15.5,1,NA,NA
Escanaba,Spring Fyke Net,2014,20.4,2,9,2.43
Escanaba,Spring Fyke Net,2014,19.1,2,13,2.07
Escanaba,Spring Fyke Net,2014,18.1,2,NA,NA
Escanaba,Spring Fyke Net,2014,20.2,2,NA,NA
Escanaba,Spring Fyke Net,2014,17,2,NA,NA
Escanaba,Spring Fyke Net,2014,16.6,1,NA,NA
Escanaba,Spring Fyke Net,2014,18.6,2,8,2.12
Escanaba,Spring Fyke Net,2014,16.4,1,NA,NA
Escanaba,Spring Fyke Net,2014,16.4,2,NA,NA
Escanaba,Spring Fyke Net,2014,18.2,2,NA,NA
Escanaba,Spring Fyke Net,2014,16.8,2,7,1.66
Escanaba,Spring Fyke Net,2014,16.3,1,NA,NA
Escanaba,Spring Fyke Net,2014,16.4,1,NA,NA
Escanaba,Spring Fyke Net,2014,12.4,1,3,0.58
Escanaba,Spring Fyke Net,2014,18.8,2,NA,NA
Escanaba,Spring Fyke Net,2014,15.6,2,NA,NA
Escanaba,Spring Fyke Net,2014,16.2,2,NA,NA
Escanaba,Spring Fyke Net,2014,15.7,2,NA,NA
Escanaba,Spring Fyke Net,2014,15.1,2,6,0.98
Escanaba,Spring Fyke Net,2014,13.5,1,NA,NA
Escanaba,Spring Fyke Net,2014,19.7,2,10,2.4
Escanaba,Spring Fyke Net,2014,19.2,2,NA,NA
Escanaba,Spring Fyke Net,2014,16.9,2,NA,NA
Escanaba,Spring Fyke Net,2014,15.6,1,NA,NA
Escanaba,Spring Fyke Net,2014,13.6,1,4,0.72
Escanaba,Spring Fyke Net,2014,20.9,2,NA,NA
Escanaba,Spring Fyke Net,2014,15.7,2,NA,NA
Escanaba,Spring Fyke Net,2014,15.6,2,NA,NA
Escanaba,Spring Fyke Net,2014,22.3,2,8,3.16
Escanaba,Spring Fyke Net,2014,16.4,2,NA,NA
Escanaba,Spring Fyke Net,2014,16.6,1,NA,NA
Escanaba,Spring Fyke Net,2014,15.1,1,NA,NA
Escanaba,Spring Fyke Net,2014,19.3,2,7,2.3
Escanaba,Spring Fyke Net,2014,16.1,2,NA,NA
Escanaba,Spring Fyke Net,2014,17,2,NA,NA
Escanaba,Spring Fyke Net,2014,17.8,2,7,1.96
Escanaba,Spring Fyke Net,2014,17.2,2,NA,NA
Escanaba,Spring Fyke Net,2014,22.5,2,12,3.7
Escanaba,Spring Fyke Net,2014,16.5,1,NA,NA
Escanaba,Spring Fyke Net,2014,16.1,2,NA,NA
Escanaba,Spring Fyke Net,2014,13.4,3,3,0.76
Escanaba,Spring Fyke Net,2014,20.3,2,NA,NA
Escanaba,Spring Fyke Net,2014,17.6,2,NA,NA
Escanaba,Spring Fyke Net,2014,13.5,1,NA,NA
Escanaba,Spring Fyke Net,2014,17.6,2,NA,NA
Escanaba,Spring Fyke Net,2014,16.9,2,6,1.58
Escanaba,Spring Fyke Net,2014,14.7,1,NA,NA
Escanaba,Spring Fyke Net,2014,14.7,2,NA,NA
Escanaba,Spring Fyke Net,2014,22.1,2,10,2.93
Escanaba,Spring Fyke Net,2014,20.9,2,12,3.04
Escanaba,Spring Fyke Net,2014,15.2,1,NA,NA
Escanaba,Spring Fyke Net,2014,15.3,2,NA,NA
Escanaba,Spring Fyke Net,2014,15.7,1,NA,NA
Escanaba,Spring Fyke Net,2014,15.1,1,6,0.96
Escanaba,Spring Fyke Net,2014,15.6,1,NA,NA
Escanaba,Spring Fyke Net,2014,17,2,NA,NA
Escanaba,Spring Fyke Net,2014,14.9,1,NA,NA
Escanaba,Spring Fyke Net,2014,15.8,2,NA,NA
Escanaba,Spring Fyke Net,2014,17.2,1,NA,NA
Escanaba,Spring Fyke Net,2014,15.6,3,5,1.14
Escanaba,Spring Fyke Net,2014,14.7,1,NA,NA
Escanaba,Spring Fyke Net,2014,15,2,NA,NA
Escanaba,Spring Fyke Net,2014,14.1,1,NA,NA
Escanaba,Spring Fyke Net,2014,17,2,NA,NA
Escanaba,Spring Fyke Net,2014,16.7,2,7,1.5
Escanaba,Spring Fyke Net,2014,18,2,NA,NA
Escanaba,Spring Fyke Net,2014,17.3,2,6,1.78
Escanaba,Spring Fyke Net,2014,14.2,1,NA,NA
Escanaba,Spring Fyke Net,2014,15.2,1,NA,NA
Escanaba,Spring Fyke Net,2014,17.2,1,9,1.49
Escanaba,Spring Fyke Net,2014,17.2,2,NA,NA
Escanaba,Spring Fyke Net,2014,15.3,1,NA,NA
Escanaba,Spring Fyke Net,2014,16.8,1,NA,NA
Escanaba,Spring Fyke Net,2014,17.7,2,NA,NA
Escanaba,Spring Fyke Net,2014,20.8,2,NA,NA
Escanaba,Spring Fyke Net,2014,20.2,2,8,2.81
Escanaba,Spring Fyke Net,2014,15.2,2,NA,NA
Escanaba,Spring Fyke Net,2014,17.6,1,12,1.7
Escanaba,Spring Fyke Net,2014,14.3,2,4,0.91
Escanaba,Spring Fyke Net,2014,16.1,1,7,1.16
Escanaba,Spring Fyke Net,2014,13.8,1,NA,NA
Escanaba,Spring Fyke Net,2014,17.7,2,NA,NA
Escanaba,Spring Fyke Net,2014,17.2,2,NA,NA
Escanaba,Spring Fyke Net,2014,16.2,1,NA,NA
Escanaba,Spring Fyke Net,2014,18.5,2,8,2
Escanaba,Spring Fyke Net,2014,14.8,1,NA,NA
Escanaba,Spring Fyke Net,2014,17.5,2,NA,NA
Escanaba,Spring Fyke Net,2014,14.9,2,4,1.01
Escanaba,Spring Fyke Net,2014,12.5,1,3,0.56
Escanaba,Spring Fyke Net,2014,15.9,2,6,1.39
Escanaba,Spring Fyke Net,2014,15.2,2,NA,NA
Escanaba,Spring Fyke Net,2014,21.1,2,9,2.68
Escanaba,Spring Fyke Net,2014,16.7,2,NA,NA
Escanaba,Spring Fyke Net,2014,18.6,3,8,0.98
Escanaba,Spring Fyke Net,2014,16,1,NA,NA
Escanaba,Spring Fyke Net,2014,13.1,1,NA,NA
Escanaba,Spring Fyke Net,2014,17,2,NA,NA
Escanaba,Spring Fyke Net,2014,14.2,3,3,0.96
Escanaba,Spring Fyke Net,2014,18.8,2,NA,NA
Escanaba,Spring Fyke Net,2014,13.9,1,NA,NA
Escanaba,Spring Fyke Net,2014,19.8,2,9,2.67
Escanaba,Spring Fyke Net,2014,16.5,1,NA,NA
